Temperature,Humidity,Rainfall,DiseaseAttack
19.5,72,0,0
19.6,72,0,0
19.8,68,1,0
19.5,71,1,0
18.1,67,1,0
18.5,67,0,0
18.6,70,0,0
24,71,0,0
25.1,72,0,0
24.2,70,1,0
25.4,70,0,0
35.3,68,0,0
35.2,68,0,0
31.9,67,0,0
30.3,73,0,0
33,70,0,0
35.6,70,0,0
34.9,67,0,0
22.8,68,1,1
22.5,72,0,0
22.8,67,1,1
18.5,69,0,0
18.7,72,0,0
18.6,66,0,0
19,72,0,0
19.4,70,0,0
18.7,70,0,0
18,72,0,0
19.8,69,0,1
19.5,68,0,0
18.1,69,0,0
23.3,72,0,0
24.6,72,0,0
23,67,1,1
25.5,69,0,0
31.9,68,0,0
31.4,68,0,0
34.2,72,0,0
32.4,73,0,0
32.5,72,0,0
34.8,69,0,0
30,67,0,0
22.3,72,0,0
22.9,73,0,0
22.5,68,1,1
19.5,72,0,0
18.5,68,0,0
19.4,70,0,0
19.7,67,0,0
18.2,67,0,0
19.2,72,0,1
19.7,69,0,0
19.6,68,0,1
18.7,68,0,1
18.3,72,0,0
24.6,68,1,1
25.6,68,0,0
25.5,71,0,0
23.8,73,0,0
31,71,0,0
35.6,67,0,1
35.8,69,0,0
33.5,68,0,0
35.1,71,0,0
31.3,71,0,0
32.3,73,0,0
22.7,68,1,1
22.7,70,1,1
22.8,67,1,1
18.1,66,0,0
19.5,69,0,0
19.9,70,0,0
19.9,69,0,1
18.9,71,0,0
18.8,67,0,0
19.4,68,0,1
19.7,70,0,1
19.6,67,0,0
18.8,70,0,0
26,67,0,0
25.1,71,0,0
23.3,71,0,0
23.2,68,1,1
34,73,0,0
30.3,69,0,0
30.8,68,0,0
30.2,67,0,0
30.8,69,0,0
31.3,73,0,0
30.5,68,0,0
22.6,70,1,1
22.7,72,0,0
22.4,72,0,0
19.9,70,0,0
18.8,73,0,0
19.9,71,0,0
18.2,67,0,0
19.1,67,0,0
18.6,70,0,0
19.3,68,0,0
18.9,66,0,0
19.9,69,0,0
19.9,68,0,0
24.1,69,1,1
23.9,72,0,0
23.2,69,1,1
24,69,1,1
33.8,70,0,0
32,71,0,0
31.9,71,0,0
35.3,70,0,0
35.9,69,0,0
30.8,69,0,0
34.9,70,0,0
22.3,68,1,1
23,72,0,0
22.7,72,0,0
19,73,0,0
19.9,70,0,0
18.5,69,0,0
18.5,66,0,0
19.2,67,0,0
19.5,66,0,0
18.8,67,0,0
18.1,73,0,0
19.5,71,0,0
18.3,72,0,0
24.8,70,1,1
25.2,68,0,0
23.2,72,0,0
23.8,71,0,0
32.1,70,0,0
31.1,67,0,0
33.4,72,0,0
31.1,73,0,0
32.8,71,0,0
34.7,71,0,0
32.2,71,0,0
22.4,69,1,1
22.8,72,0,0
22.3,68,1,1
18.9,70,0,0
19.6,69,0,0
18.8,72,0,0
19,70,0,0
18.2,69,0,0
19.5,71,0,1
18.6,70,0,0
18.3,73,0,0
19.2,70,0,0
19,73,0,1
24.3,70,1,1
23.4,72,0,0
24.4,68,1,1
25.7,67,0,0
34.2,69,0,0
33.2,73,0,0
32.2,71,0,0
30.5,67,0,0
31,73,0,0
31.3,72,0,0
30.1,71,0,0
22.8,68,1,1
22.9,72,0,0
22.2,69,1,1
19,72,0,0
18.1,72,0,0
18.2,68,0,0
18.9,67,0,0
19.2,69,0,1
19.7,68,0,1
19.6,66,0,0
19.2,71,0,0
18.2,67,0,0
19.3,66,0,1
23.5,73,0,0
24.6,66,1,1
25.8,69,0,0
24.1,73,0,0
30.4,72,0,0
30.5,68,0,0
33.1,72,0,0
32.1,72,0,0
35.6,66,0,0
32.3,72,0,0
34.2,66,0,0
22.8,71,0,0
22.2,71,0,0
22.7,69,1,1
18.9,67,0,0
19.3,68,0,1
18.9,68,0,0
19.4,71,0,0
19.3,72,0,0
18.9,68,0,0
18.1,70,0,0
18.9,72,0,0
18.6,73,0,0
19.2,68,0,0
24.9,66,1,1
25,72,0,0
24.3,67,1,1
25.3,72,0,0
34.2,72,0,0
34,70,0,0
35.7,72,0,0
32.4,70,0,0
33.2,67,0,0
33.3,69,0,0
30.3,68,0,0
22.8,68,1,1
22.7,73,0,0
22.5,72,0,0
19,71,0,1
19,68,0,0
18.6,70,0,0
18.6,68,0,0
18.6,66,0,0
19.4,67,0,0
18.5,67,0,0
19.8,71,0,0
19.1,71,0,0
18.9,69,0,0
24.4,70,1,1
23.8,70,1,1
24,72,0,0
23.1,71,0,0
34.4,71,0,0
34.6,72,0,0
35.9,67,0,0
34.5,69,0,0
34.7,72,0,0
35.5,73,0,0
33.6,70,0,0
22.8,72,0,0
22.7,67,1,1
22.6,72,0,0
19.4,69,0,0
19.3,70,0,0
18.5,70,0,0
19,72,0,0
19.9,66,0,0
18.7,71,0,0
18.5,70,0,0
18,71,0,0
19.8,67,0,1
18.4,68,0,0
23.2,71,0,0
25.7,68,0,0
24.9,73,0,0
25.2,70,0,0
34.9,70,0,0
33,72,0,0
31.3,67,0,0
35.6,69,0,0
35.6,67,0,0
32.5,68,0,0
32.6,67,0,0
22.2,73,0,0
22.1,71,0,0
22,70,1,1
18.7,71,0,0
19.8,73,0,0
19.9,70,0,0
19.3,68,0,0
19,66,0,0
19.4,68,0,0
18.8,66,0,0
18.8,72,0,0
18.8,67,0,0
18.9,69,0,0
25.8,72,0,0
23.1,68,1,1
23,73,0,0
23.8,68,1,1
35,71,0,0
31.2,70,0,0
34.8,66,0,0
32.2,69,0,0
35.9,72,0,0
34,69,0,0
31,70,0,0
22.7,67,1,1
22.6,71,0,0
22.2,68,1,1
19.6,68,0,0
18.2,69,0,0
19.8,68,0,0
18.6,71,0,0
19.3,67,0,0
18.1,71,0,0
19.6,69,0,0
18.9,68,0,0
19.9,67,0,1
18.4,68,0,0
23.7,68,1,1
23.8,70,1,1
24.8,66,1,1
24.2,72,0,0
34.2,69,0,0
35.2,69,0,0
33.7,67,0,0
31.9,71,0,0
30.6,69,0,0
35.3,72,0,0
33.7,73,0,0
22.4,72,0,0
22.8,73,0,0
22.9,70,1,1
20,66,0,1
18,71,0,0
19.4,70,0,0
19.1,72,0,1
19,66,0,0
19.8,72,0,1
18.9,66,0,0
19.6,71,0,0
19.3,66,0,1
18.8,71,0,0
25.1,72,0,0
23.5,69,1,1
25.4,68,0,0
23.7,72,0,0
33.8,72,0,0
31.3,71,0,0
35,72,0,0
35.3,68,0,0
33.5,69,0,0
32.2,66,0,0
31.5,68,0,0
22.4,68,1,1
22.2,70,1,1
22.8,71,0,0
18.5,70,0,0
19.2,66,0,0
19.6,71,0,1
19.9,69,0,0
19.6,66,0,0
18.8,72,0,0
19.7,66,0,1
19.1,70,0,0
19.4,68,0,0
18.4,71,0,0
24.1,70,1,1
25.9,66,0,0
23.5,71,0,0
23.7,69,1,1
33.9,68,0,0
31.9,67,0,0
31.7,68,0,0
35.9,69,0,0
32.8,72,0,0
32.9,72,0,0
32.9,73,0,0
23,66,1,1
22.5,68,1,1
22.7,70,1,1
18.9,68,0,0
18.1,70,0,0
19.8,68,0,1
19.9,68,0,0
18,72,0,0
18.7,66,0,0
19,71,0,0
19.5,71,0,0
18.4,71,0,0
19.1,68,0,0
24,72,0,0
23.8,72,0,0
23.7,73,0,0
23.8,67,1,1
36,73,0,0
33.7,69,0,0
31.3,73,0,0
30.1,67,0,0
31.3,72,0,0
32.1,67,0,0
32.3,70,0,0
22.5,70,1,1
22.1,68,1,1
22.6,69,1,1
19.1,66,0,0
18.2,66,0,0
20,67,0,1
19.8,68,0,0
19.3,69,0,0
19.7,71,0,0
19.6,67,0,0
19,72,0,1
18.8,67,0,0
18.2,68,0,0
24.2,71,0,0
25.6,68,0,0
23,71,0,0
25.1,73,0,0
30.2,68,0,0
35.2,70,0,0
33.2,68,0,0
34.6,70,0,0
30.7,68,0,0
34.4,70,0,0
30.8,68,0,0
22.2,68,1,1
22.9,71,0,0
22.9,70,1,1
19.4,69,0,0
18.3,71,0,0
19.7,69,0,0
19.5,66,0,0
18.1,72,0,0
19.9,70,0,0
19.3,72,0,0
18.4,69,0,0
18.2,71,0,0
19.5,69,0,0
24.9,72,0,0
25.1,68,0,0
23.8,67,1,1
25.4,66,0,0
31.8,72,0,0
32.4,73,0,0
30.3,70,0,0
34.3,69,0,0
30.6,67,0,0
31.8,70,0,0
35,67,0,0
22.2,66,1,1
22,72,0,0
22.9,69,1,1
18.7,69,0,0
18.9,68,0,0
18.4,70,0,0
18.7,67,0,0
18.2,70,0,0
19.3,72,0,1
18.3,72,0,0
18.5,70,0,0
19.2,67,0,0
19.9,67,0,0
25.4,73,0,0
23.8,67,1,1
25.2,67,0,0
25.8,70,0,0
31.8,68,0,0
31.7,70,0,0
32.7,67,0,0
32.7,67,0,0
30.1,68,0,0
35.3,72,0,0
35.4,69,0,0
22.6,71,0,0
22.6,70,1,1
22.6,72,0,0
18.7,69,0,0
19.5,67,0,0
18,70,0,0
19.9,67,0,0
19.3,71,0,0
19.1,71,0,0
19.2,66,0,0
19.2,72,0,0
18,69,0,0
19.8,72,0,0
24.9,72,0,0
23.4,69,1,1
25.7,73,0,0
23.1,67,1,1
34.7,67,0,0
31.2,70,0,0
34.8,72,0,0
31.9,71,0,0
34.7,67,0,0
35.7,68,0,0
32.9,71,0,0
22,68,1,1
22.9,72,0,0
22.7,70,1,1
19.2,66,0,0
18.4,69,0,0
18.3,70,0,0
18.2,72,0,0
19.4,68,0,0
18.3,70,0,0
19.9,69,0,0
18.5,72,0,0
18.9,72,0,0
18,70,0,0
23.8,70,1,1
25.4,70,0,0
25.6,68,0,0
24.8,72,0,0
34.1,68,0,0
32,66,0,0
35.3,69,1,0
35.2,69,1,0
30.4,72,1,0
34.7,71,1,0
34,67,1,0
22.7,70,1,1
22.1,70,1,1
22.4,68,1,1
19.1,67,1,0
19.1,73,0,0
18.1,67,0,0
18.1,72,0,0
18.7,72,0,0
18.4,68,1,0
19,70,1,0
18.1,73,0,0
18.1,67,0,0
18.4,72,0,0
23.7,73,1,0
24.6,72,0,0
23.2,70,1,1
25.5,71,0,0
35.7,69,0,0
31.1,72,0,0
31.8,67,1,0
30.3,68,0,0
32.6,73,0,0
33.4,70,1,0
31.4,73,1,0
22.7,67,1,1
22.5,67,1,1
22.6,66,1,1
18.1,72,0,0
19.7,71,0,0
19.8,68,1,0
18.6,69,0,0
19.6,67,0,0
19.9,68,1,1
18.3,67,1,0
18.3,70,0,0
18.5,71,0,0
19.8,73,1,0
24.4,66,1,1
25.3,72,1,0
23.8,71,1,0
24.6,69,1,1
30.5,72,1,0
35.2,71,1,0
30.2,70,0,0
32.8,72,1,0
31.6,70,0,0
34.1,68,1,0
30.1,72,0,0
22.7,67,1,1
22.5,68,1,1
22.3,72,1,0
20,68,1,0
18.1,69,1,0
19.2,72,1,0
18.8,72,1,0
19.2,69,0,1
19.5,72,0,0
19.3,70,0,1
18.5,73,0,0
19.5,71,0,1
18.5,70,0,0
24.2,71,0,0
24.4,68,1,1
25.6,68,0,0
25.5,72,0,0
35.6,67,0,0
32.4,72,0,0
31.5,69,0,0
31,69,0,0
33.6,71,0,0
32,66,0,0
34.1,69,0,0
22.6,68,1,1
22.4,71,0,0
22.4,68,1,1
18.5,68,0,0
19.4,71,0,1
19.3,71,0,0
19.6,73,0,0
19.2,66,0,0
19.5,68,0,0
19.5,72,1,0
19.8,68,1,0
18.1,71,0,0
19.4,73,0,0
24.2,73,0,0
23.5,69,1,1
24.8,69,1,1
24.1,71,1,0
35,69,0,0
33.2,69,0,0
34.6,69,1,0
35,69,1,0
32.1,69,0,0
31.5,67,0,0
30.9,72,1,0
22.4,67,1,1
22.7,67,1,1
22.6,72,0,0
18.7,71,1,0
19.2,69,0,1
18.4,73,0,0
19.2,70,0,0
19.8,69,0,0
18.1,68,1,0
18.4,71,0,0
19.7,66,0,1
18.5,72,0,0
18.5,72,1,0
24.8,67,1,1
24.8,72,0,0
24.4,68,1,1
25.4,69,0,0
34.2,73,1,0
30.2,69,0,0
35.3,68,0,0
30.8,68,0,0
34.1,68,1,0
34.9,73,0,0
31.9,68,0,0
22.8,72,0,0
22.2,66,1,1
22.5,72,0,0
19.7,73,0,0
19.5,73,0,1
18.2,71,1,0
19.3,67,0,0
19.6,71,0,1
18.7,69,1,0
19.5,69,0,0
18.3,70,0,0
19.5,67,1,0
19.1,66,0,0
24.6,71,0,0
24.2,70,1,1
24.8,66,1,1
23.4,70,1,1
34.4,71,0,0
33.3,70,0,0
33.3,70,1,0
32.6,69,0,0
30.2,68,0,0
31.7,66,1,0
34.4,71,0,0
22.6,73,0,0
22.7,69,1,1
22.1,73,0,0
19.7,66,0,0
18.4,67,1,0
19.7,69,0,0
18.6,73,0,0
19.4,73,0,0
19.6,72,1,0
19.9,72,0,1
18.6,69,0,0
18.1,69,0,0
18.3,71,1,0
23.3,72,0,0
23.8,73,0,0
23.4,70,1,1
23.1,72,0,0
33.3,71,0,0
34.7,72,1,0
35.7,70,0,0
30.3,67,0,0
31,73,1,0
31.8,66,0,0
34.8,68,0,0
22.5,67,1,1
22.5,72,1,0
22.7,71,0,0
18.4,71,0,0
18.1,69,1,0
19.9,72,1,0
19.6,73,0,0
19.7,68,1,0
18.6,68,0,0
19.6,72,1,0
19.3,72,0,0
18.8,72,1,0
18.1,70,1,0
25,72,1,0
25.9,67,0,0
23.7,71,1,0
25.6,67,1,0
30.1,73,0,0
35,68,0,0
35.7,72,0,0
34.7,69,0,0
30,69,1,0
32.3,72,0,0
33.1,66,0,0
22.7,71,1,0
22.7,70,1,1
22.7,70,1,1
18.1,69,1,0
19.5,68,1,0
19.9,70,0,1
19.2,70,0,0
19,68,0,0
19.4,72,0,0
19.2,69,1,0
19.6,67,0,0
20,73,1,0
19.9,67,1,1
24.3,66,1,1
25,66,1,1
24.6,72,1,0
25.2,70,1,0
34.6,70,0,0
32.3,71,0,0
34.4,67,0,0
34.7,69,1,0
34.3,69,0,0
35.2,73,0,0
33.9,66,1,0
22.2,71,0,0
22.5,69,1,1
22.7,66,1,1
19.9,68,0,0
18.6,67,1,0
19.2,73,1,0
19.2,83,0,0
19.9,77,0,0
19.1,77,0,0
19.8,82,1,0
18,78,0,0
18.6,77,0,0
19.1,81,0,0
22.3,80,1,1
22.3,77,0,0
23.4,82,1,1
22.4,78,1,1
30.3,76,0,0
28,84,1,0
26.2,80,1,0
29.4,76,0,0
27.5,79,0,0
28.7,82,1,0
29.2,82,1,0
22.1,78,0,0
22.4,83,0,0
22.4,83,0,0
19.4,81,0,0
18.6,81,0,0
18.4,83,1,1
19.6,84,0,0
19.3,78,1,1
19.2,79,1,1
18.2,81,0,0
20,79,0,1
19.3,84,1,1
18.1,77,0,0
23.2,80,1,1
23.5,77,0,0
22.8,77,1,1
23.5,81,0,0
27.8,77,0,0
27.7,83,0,0
29.6,82,0,0
28.2,79,1,0
29.7,84,0,0
30.8,82,1,0
26.7,83,1,0
22.9,76,0,0
22.7,79,1,1
22,79,0,0
19.2,80,0,0
19.7,78,0,0
19.6,80,0,0
19.6,81,0,0
19.3,80,1,1
18.1,78,1,1
18.2,84,1,1
19.8,78,0,0
18.4,78,1,1
19,76,0,0
23.5,78,0,0
22.2,76,0,0
23.7,80,0,0
23.4,78,1,1
28.1,76,0,0
29.6,77,1,0
29.5,84,1,0
29.2,83,1,0
29.8,80,0,0
28.9,78,1,0
27.1,83,1,0
23,78,0,0
22.7,77,0,0
22,81,0,0
18.2,81,0,0
19.7,77,0,0
19.9,79,0,0
18,82,0,0
19.4,81,0,0
18.5,76,1,1
19,77,1,1
20,79,0,0
19.5,84,1,1
19.5,83,0,0
23.7,81,1,1
23,79,0,0
22.1,82,1,1
23.2,83,1,1
29.5,82,0,0
29.4,84,1,0
26.2,77,1,0
29.4,77,1,0
30.1,77,0,0
27,80,1,0
28.5,77,1,0
22.4,82,0,0
22.1,78,1,1
22.8,78,0,0
19.5,80,0,0
19,79,0,0
18.3,80,1,1
18.4,78,1,1
19.7,84,1,1
19.3,81,1,1
19.3,80,1,1
19,79,0,0
19.3,81,1,1
18.6,77,0,0
23.3,83,1,1
23.1,79,0,0
23.3,82,1,1
23.1,81,1,1
27.7,77,0,0
30.8,81,1,0
30.4,80,1,0
28.4,76,1,0
26.4,82,0,0
30.1,79,1,0
30.1,77,0,0
22.7,79,0,0
22,83,0,0
22.6,82,0,0
19.8,80,0,0
18.9,78,0,0
18.5,80,0,0
19.6,81,1,1
19,77,0,0
18.9,83,1,1
19,79,1,1
18.7,83,0,0
19.2,83,1,1
19.2,82,0,0
23.9,82,1,1
23.2,84,0,0
22.7,80,1,1
23.1,82,1,1
27.9,83,0,0
29.8,84,1,0
29.5,83,1,0
27.8,83,1,0
27.4,83,0,0
30.9,82,1,0
27.1,83,1,0
22.8,79,0,0
22,78,1,1
22.9,77,0,0
18.4,79,0,0
19.9,78,0,0
18.9,78,0,0
18.5,77,1,1
18.2,80,0,0
18.2,82,1,1
19.1,78,0,0
20,82,0,0
18.1,84,1,1
19.2,83,0,0
23.6,78,1,1
23.1,81,0,0
23.3,84,1,1
23.9,80,1,1
29.6,76,0,0
30.9,84,1,0
29.3,82,0,0
27.6,81,0,0
26.1,78,0,0
28,83,1,0
27.5,83,0,0
22.6,81,0,0
22.7,77,0,0
22.9,79,0,0
19.9,79,1,1
18.5,77,0,0
19.4,80,1,1
18.7,78,0,0
19.2,81,1,1
18,79,0,0
19.7,79,1,1
19.3,76,1,1
18.4,76,1,1
18.2,78,0,0
22.8,78,1,1
23,78,0,0
23.6,77,0,0
22.8,80,1,1
26.7,77,0,0
29.3,76,1,0
30.7,83,1,0
28.7,83,1,0
30.3,83,0,0
30.2,77,1,0
26.6,77,1,0
23,79,0,0
22.9,78,1,1
22.4,83,0,0
19.2,76,1,1
19.6,82,0,0
19.9,82,1,1
19.9,77,1,1
18.8,80,1,1
19.7,79,1,1
18.7,78,0,0
18.1,81,0,0
18.6,77,1,1
19.2,77,1,1
23.6,84,1,1
23.8,79,0,0
23,82,0,0
22.7,79,0,0
29.2,82,0,0
28.4,81,1,0
29.9,80,0,0
28.3,78,1,0
28.9,81,0,0
31,84,0,0
27.8,81,0,0
22.7,81,0,0
22.2,82,1,1
22.3,78,0,0
19.5,83,1,1
18.7,77,0,0
19.8,79,1,0
18.4,84,1,1
18.8,78,1,1
18,80,1,1
19.1,77,1,1
18.9,78,0,0
18.1,79,1,1
19.6,82,1,1
23.2,77,1,1
23.4,83,0,0
23.4,82,1,1
23,77,1,1
31,78,0,0
28.8,76,1,0
26.8,84,1,0
29,81,1,0
28.7,77,0,0
27.7,82,1,0
27,77,1,0
22.9,76,0,0
22.1,78,1,1
22.6,81,0,0
18.9,79,0,0
19.9,83,1,1
18.1,77,1,1
19.4,83,1,1
19.1,77,1,1
19.4,77,1,1
19.8,77,1,0
18.1,76,0,0
19.6,78,1,1
18.8,79,0,0
23.6,82,1,1
22.7,78,0,0
22.5,77,1,1
23.1,82,1,1
27.2,81,0,0
27.2,77,1,0
26.9,78,1,0
29.2,77,1,0
30,81,0,0
30.4,78,1,0
28,78,0,0
22.4,81,0,0
22.9,83,0,0
22.5,83,0,0
20,77,1,1
19.1,83,1,1
18.5,78,1,1
19.5,76,1,1
19.7,79,1,1
19.6,84,1,1
18.1,78,0,0
19.4,79,1,1
19.1,80,0,0
18.6,80,0,0
23.7,84,1,1
22.9,78,0,0
22.8,77,0,0
23,77,1,1
27,83,0,0
29.1,76,1,0
26,79,1,0
28.1,80,0,0
28.3,79,0,0
29.9,80,1,0
29.8,83,1,0
22.1,79,0,0
23,80,0,0
22.9,83,0,0
19,80,0,0
18.2,78,0,0
19.9,80,0,0
18.6,80,0,0
19.5,78,0,0
19.9,80,0,0
18.3,78,0,0
19.3,77,0,0
18.2,83,0,0
19.1,79,0,0
23.3,84,0,0
23.7,79,0,0
22,84,0,0
23.5,79,1,1
26.5,82,0,0
28.8,83,0,0
29.3,77,0,0
26.4,83,1,0
30.2,80,0,0
26.6,79,1,0
29.2,77,1,0
22.9,81,0,0
22.2,81,1,1
22.8,77,0,0
19.9,79,1,1
18,77,0,0
19.6,84,1,1
19.3,82,1,1
18.8,81,1,1
19.3,77,0,0
18.9,79,1,1
18.9,76,0,0
19.8,81,1,0
18.2,79,0,0
22.8,76,0,0
22.4,78,0,0
23.1,84,0,0
22.2,82,0,0
30.9,79,0,0
28.6,81,0,0
27.8,80,0,0
26.1,77,0,0
27.9,78,0,0
26.8,82,0,0
27.4,83,0,0
22.5,78,0,0
22.7,80,0,0
22.8,78,0,0
18.3,79,0,0
19.4,79,0,0
18.2,80,0,0
19.8,82,1,0
18.3,79,0,0
19.1,79,0,0
18.9,84,0,0
19.7,79,0,0
18.3,78,0,0
18.1,82,0,0
23.8,78,1,1
23.8,78,0,0
23.1,77,1,1
22.8,77,1,1
27.2,83,0,0
27,77,1,0
27.1,84,1,0
30.2,79,1,0
29.7,77,0,0
29.3,78,1,0
29,81,0,0
22,81,0,0
22.1,76,0,0
22.9,84,0,0
19.9,79,0,0
18.9,81,0,0
18.4,77,0,0
19,77,0,0
19.3,79,0,0
19,77,1,1
19.6,78,1,1
20,77,0,0
18.6,78,0,0
19.4,79,0,0
23.2,79,1,1
22.2,77,0,0
22.5,81,0,0
22.4,76,0,0
28.7,76,0,0
27.1,77,1,0
29.3,84,1,0
26.6,77,1,0
27.2,80,0,0
30.2,84,1,0
28.2,77,1,0
22.1,82,0,0
22.7,81,1,1
22.8,81,0,0
19,83,0,0
19.9,78,0,0
18.6,82,1,1
18.2,78,1,1
19.9,81,1,1
19.4,80,1,1
18.1,79,1,1
18.4,77,0,0
18.7,78,1,1
19.4,78,0,0
22.9,83,1,1
23.6,78,0,0
22.4,79,1,1
24,82,1,1
30.8,78,0,0
29.2,81,1,0
28.8,79,1,0
27.9,81,1,0
26.8,79,0,0
30,83,1,0
26.1,78,1,0
22.5,77,0,0
22.8,78,1,1
22.6,84,0,0
18,78,0,0
19.9,83,0,0
18,77,1,1
19.7,83,1,1
19.9,78,1,1
19.2,83,1,1
18.2,77,1,1
19.4,79,0,0
18.3,81,1,1
18.2,81,0,0
23.6,83,1,1
22.1,80,0,0
23,83,1,1
23.1,80,1,1
28,79,0,0
30,82,0,0
28.7,77,0,0
28.7,77,0,0
30.5,77,0,0
27.2,79,0,0
27.3,76,0,0
22.2,84,0,0
22.9,84,1,1
22.4,76,0,0
19.4,82,0,0
19.7,82,0,0
19.2,82,1,1
20,84,1,1
18.6,78,1,1
19.6,78,1,1
18.1,82,1,1
18.4,84,0,0
19.4,84,1,1
19.5,83,0,0
23.4,77,1,1
23.7,80,0,0
23.4,84,1,1
22.9,77,0,0
30.7,84,0,0
27.3,77,1,0
26.7,78,0,0
26.8,79,0,0
28.8,79,0,0
28.6,83,0,0
28.7,77,0,0
22.9,81,0,0
22.2,82,1,1
22.6,77,0,0
19.1,81,0,0
19,79,0,0
19.1,81,1,1
19.8,79,1,0
18.2,80,1,1
18.1,79,1,1
19.9,82,1,1
18.1,79,0,0
19.4,82,1,1
18.7,80,0,0
23.5,82,1,1
22.9,77,0,0
22.9,84,1,1
22.4,80,1,1
29.1,77,0,0
28.3,83,1,0
30.3,78,1,0
27.2,77,1,0
30.4,82,0,0
28.3,82,1,0
27.7,78,1,0
22.9,78,0,0
22.3,78,1,1
22.7,78,0,0
18.3,78,0,0
19.1,76,0,0
18.7,77,1,1
20,80,1,1
18.2,80,1,1
19.9,81,1,1
18.3,83,1,1
18.2,83,0,0
19.8,79,1,0
18.7,79,0,0
23.4,83,1,1
22.5,78,0,0
23.4,82,1,1
22.8,79,1,1
30.8,78,0,0
26.5,82,1,0
29,76,1,0
26.5,77,1,0
30.2,78,0,0
28.1,78,1,0
27,79,1,0
22.5,84,0,0
22.7,79,1,1
22.6,79,0,0
18.5,80,0,0
19.7,76,0,0
18.4,82,1,1
19.2,78,1,1
19.5,79,1,1
18.6,82,1,1
18.1,80,1,1
19.4,83,0,0
18.3,79,1,1
19.1,83,0,0
23.7,81,1,1
22.6,78,0,0
22.7,80,1,1
22.2,77,1,1
29.3,79,0,0
30.1,79,1,0
29.7,82,1,0
29.7,77,1,0
26.9,84,0,0
27.8,79,1,0
29.3,83,1,0
22.8,82,0,0
22.2,82,1,1
22.5,79,0,0
18.3,77,0,0
18.4,83,0,0
18.5,78,1,1
18.9,83,1,1
19.3,81,1,1
20,80,1,1
19.4,76,1,1
19,77,0,0
18.2,78,1,1
19.7,81,0,0
23.4,79,1,1
22.9,77,0,0
23.1,77,1,1
23.2,78,1,1
28.2,81,0,0
28.2,81,1,0
30.7,80,1,0
29.3,78,1,0
28.1,78,0,0
28.3,77,1,0
30.1,81,1,0
22.9,78,0,0
22,77,1,1
22.3,77,0,0
18,83,0,0
18.9,77,0,0
19.1,84,1,1
18.7,82,1,1
19.9,77,1,1
19.2,77,1,1
19.7,83,1,1
19.5,82,0,0
18.9,82,1,1
19.9,83,0,0
23.4,79,1,1
23.9,80,0,0
22.8,83,1,1
23.5,83,1,1
28.2,83,0,0
27,81,1,0
30.7,79,1,0
30.3,78,1,0
29.6,77,0,0
30.9,79,1,0
28.7,81,1,0
22.4,80,0,0
22.1,82,1,1
22.3,80,0,0
18.6,81,0,0
19.5,82,0,0
18.6,82,1,1
19.2,82,1,1
18.9,77,1,1
18.6,82,1,1
19.3,82,1,1
18.2,81,0,0
19.8,84,1,0
19.8,81,0,0
22.9,78,1,1
22.5,76,0,0
23.2,78,1,1
23.9,81,1,1
29.9,82,0,0
28.5,81,1,0
28.4,78,1,0
27.6,77,1,0
30.2,81,0,0
30.1,84,1,0
30.6,82,1,0
22.8,80,0,0
22.6,76,1,0
22.7,82,0,0
18.1,83,0,0
18.9,76,0,0
19.7,80,1,1
18,79,1,1
18.3,76,1,1
19.6,80,1,1
18.7,82,1,1
18.5,82,0,0
19.8,79,1,0
19.3,80,0,0
22.2,83,1,1
22.3,81,0,0
22.5,77,1,1
22.1,81,1,1
30.8,80,0,0
26.7,77,1,0
26.1,77,1,0
27.9,81,1,0
26.5,77,0,0
28.9,78,1,0
27.1,82,1,0
22.8,82,0,0
22.7,81,1,1
22.6,83,0,0
18.9,84,0,0
19.7,81,0,0
18.5,79,1,1
19.6,80,1,1
18,80,1,1
18.9,77,1,1
19.4,79,1,1
19.4,78,0,0
18.2,83,1,1
18.8,77,0,0
24,79,1,1
22.3,79,0,0
23.3,80,1,1
23.6,83,1,1
26.4,82,0,0
28.3,78,1,0
30.3,77,1,0
26.8,84,1,0
28.6,83,0,0
26.5,83,1,0
29.5,77,1,0
22.7,77,0,0
22.1,78,1,1
22.5,82,0,0
18.7,76,0,0
19,79,0,0
18.5,82,1,1
18.8,84,1,1
18.3,76,1,1
19.3,82,1,1
18.7,77,1,1
18.6,80,0,0
19.9,79,1,1
18.1,76,0,0
22.6,78,1,0
22.9,84,0,0
23.4,81,1,1
23.4,82,1,1
30.2,79,0,0
29.1,78,1,0
26.8,83,1,0
27.9,79,1,0
30.2,84,0,0
27.4,78,1,0
26.6,76,1,0
22.7,83,0,0
22.7,76,1,1
22.7,78,0,0
19.2,80,0,0
18.7,80,0,0
20,78,1,1
19.7,83,1,1
18.2,79,1,1
18.4,76,1,1
18.2,76,1,1
18.4,83,0,0
18.3,80,1,1
18.7,77,0,0
22.4,79,1,1
22.6,77,0,0
23.2,81,1,1
23.2,81,1,1
26.5,83,0,0
30.8,81,1,0
27.2,78,1,0
29.9,83,1,0
27.1,81,0,0
26.6,83,1,0
28.5,83,1,0
22.5,84,0,0
22.6,81,1,0
22.5,77,0,0
18.6,82,0,0
18.1,81,0,0
18.2,76,1,1
18.4,78,1,1
18.5,78,1,1
19.1,81,1,1
18.9,77,1,1
19.1,82,0,0
18.7,81,1,1
18.2,77,0,0
22.3,77,1,1
23.6,77,0,0
23.8,81,1,1
22.9,81,1,1
28.9,82,0,0
26.5,77,1,0
27.4,81,1,0
30.8,81,1,0
26,83,0,0
30.5,79,1,0
28.1,80,1,0
22.7,83,0,0
22.8,81,1,1
22.4,76,0,0
19.9,79,0,0
19.4,78,0,0
19.9,84,1,1
18.2,80,1,1
20,78,1,1
18.3,78,1,1
20,77,1,1
18.4,77,0,0
19.9,77,1,1
18.1,79,0,0
22.1,83,1,1
23.5,78,0,0
22.9,78,1,1
23.7,81,1,1
30,77,0,0
30.2,82,1,0
27.5,81,1,0
26.5,77,1,0
29.9,79,0,0
28.1,83,1,0
30.6,80,1,0
22.2,81,0,0
22.8,78,1,1
22.2,84,0,0
18.9,84,0,0
19,83,0,0
19.3,83,1,1
19.9,84,1,1
18.2,79,1,1
19.2,81,1,0
19.3,79,1,0
18.8,82,0,1
18.1,80,1,0
19.2,79,0,0
22.1,82,1,0
22.6,79,0,0
22.5,84,1,0
21.2,83,1,0
24.2,80,0,1
24.9,83,1,1
25.5,81,1,0
25.8,78,1,0
28.2,84,0,0
28.1,79,1,0
27.5,84,1,0
22.6,83,0,1
22.2,82,1,1
22.9,82,0,1
19.7,84,0,0
18.5,84,0,0
18.4,79,1,0
19.4,79,1,0
19.3,81,1,1
19.7,80,1,1
19.5,81,1,1
18.6,79,0,0
19.9,80,1,1
18,86,0,1
22,81,1,1
21.4,81,0,0
21.7,85,1,0
22.3,81,1,0
25.6,85,0,0
28.6,82,1,0
29,85,1,0
26.5,82,1,0
28,82,0,0
27.6,80,1,0
28,81,1,0
22.3,79,0,1
22.3,78,1,1
22.6,80,0,1
19.3,84,0,1
18.3,82,0,1
18.1,79,1,1
19.1,85,1,1
19.8,78,1,1
18.9,80,1,1
18.7,81,1,1
18.6,82,0,1
19.5,80,1,1
18.5,80,0,1
21.1,85,1,1
22.2,86,0,1
22.8,83,1,1
21.4,81,1,1
28.3,85,0,0
25.2,86,1,1
25.4,83,1,1
25.9,84,1,0
25.9,81,0,0
28.7,84,1,0
27.8,85,1,0
22.6,83,0,1
22.2,86,1,1
22.4,81,0,1
19,82,0,1
19.8,84,0,1
18.9,80,1,1
18.2,82,1,1
18.9,84,1,1
18.9,84,1,1
19.5,82,1,0
19.8,78,0,0
19.7,81,1,0
18.6,85,0,0
22.4,79,1,0
22.2,85,0,0
21.1,82,1,0
21.2,78,1,0
24.8,78,0,0
28.1,79,1,0
28.8,82,1,0
28.2,79,1,0
24.8,86,0,0
29.8,84,1,0
28.3,79,1,0
23,80,0,0
22.3,79,1,0
22.4,79,0,0
18.1,82,0,0
19.7,81,0,0
18.4,85,1,0
18.1,81,1,0
19.2,80,1,0
18.2,84,1,0
18.9,85,1,0
18.7,85,0,0
18.1,86,1,0
18.8,82,0,0
21.5,83,1,0
22.1,81,0,1
22.5,84,1,1
22.1,80,1,1
25,81,0,0
25.6,80,1,0
27.4,82,1,0
26,79,1,0
25.3,84,0,1
29.1,85,1,0
26.9,84,1,0
22.7,80,0,0
22.3,79,1,0
22.1,85,0,0
19.9,78,0,0
19.7,83,0,0
20,80,1,0
19.7,83,1,0
19.3,81,1,1
18.9,84,1,0
19.9,80,1,1
18.8,84,0,1
19.4,79,1,1
18.2,78,0,0
22.7,79,1,1
22.7,80,0,0
22.1,86,1,0
22.4,84,1,0
28.4,85,0,0
25.2,85,1,0
28.1,81,1,0
26.1,82,1,0
25.2,81,0,0
29.1,85,1,0
26.3,82,1,0
22.2,81,0,0
22.5,84,1,0
22.6,83,0,0
19.8,82,0,0
18.9,81,0,1
19.6,85,1,0
18.3,83,1,0
18.4,78,1,0
18.6,84,1,0
19.3,80,1,1
18.1,82,0,0
19.4,79,1,0
18.9,83,0,0
21,83,1,0
22.3,84,0,0
21.2,81,1,1
21.7,79,1,0
25.6,85,0,0
24.3,86,1,0
26.5,80,1,0
29,84,1,0
25.8,86,0,0
26.6,79,1,0
29.6,84,1,0
22.7,82,0,0
22.6,84,1,0
22.6,83,0,1
19.4,85,0,0
18.2,85,0,0
18.1,85,1,0
19,83,1,1
18.5,79,1,0
18.4,82,1,0
18.1,81,1,0
19,85,0,0
19.9,85,1,0
19.2,82,0,1
21.5,83,1,0
22.1,83,0,0
22.1,82,1,0
21.6,78,1,0
26.5,84,0,0
27.8,81,1,0
24.9,86,1,0
25.5,85,1,1
26.9,81,0,0
27.9,79,1,0
26.9,79,1,0
22.8,84,0,0
22.8,80,1,0
22.7,83,0,0
19.7,80,0,1
18.2,84,0,0
19,84,1,0
18.8,83,1,0
18.4,80,1,0
18.1,85,1,0
19.1,79,1,0
19.5,80,0,1
18.1,80,1,0
19.3,82,0,0
21.9,79,1,1
21.8,79,0,0
21.5,79,1,0
21.4,79,1,0
27.5,78,0,0
26.7,83,1,0
26.4,82,1,0
28.7,83,1,0
27,85,0,0
26.3,83,1,0
30.9,83,1,0
22.9,78,0,0
22.8,84,1,1
22.7,84,0,0
18.4,78,0,0
20,84,0,0
19.8,79,1,0
19.3,79,1,0
18.8,83,1,0
19.5,83,1,0
18.6,86,1,0
19.7,84,0,0
18.7,83,1,0
18.2,82,0,0
22.9,83,1,0
22.2,78,0,0
23,85,1,0
22.5,86,1,0
27.2,80,0,0
26,85,1,0
27.6,81,1,0
28.8,79,1,0
26.1,80,0,0
28.4,84,1,0
27.8,85,1,0
22.8,84,0,0
22.5,78,1,0
22,83,0,0
18.8,83,0,1
18.6,86,0,0
18.7,85,1,1
18.2,81,1,0
18.4,85,1,1
18.6,81,1,0
19.3,82,1,1
19.3,81,0,1
18.1,79,1,1
19.1,84,0,1
21.2,84,1,0
22.9,81,0,1
21.4,84,1,1
21.6,83,1,1
25.3,81,0,0
25.4,79,1,0
24.6,84,1,1
26,85,1,0
28.7,85,0,0
26.5,79,1,0
26.9,82,1,0
22.2,78,0,1
22.2,83,1,0
22.2,82,0,1
18.2,83,0,1
18.7,83,0,0
19.1,78,1,1
19.3,84,1,1
19.6,81,1,1
19,85,1,1
18.1,82,1,0
18.4,80,0,1
18.8,84,1,1
18.6,81,0,0
21.3,85,1,1
21.6,82,0,1
21.6,85,1,0
21.9,81,1,0
26.1,83,0,0
26.6,81,1,0
25.5,86,1,1
25.1,81,1,1
24.3,85,0,1
29,78,1,0
28.5,80,1,0
22.6,82,0,0
22.6,84,1,0
22.5,83,0,0
18.5,80,0,1
19.8,84,0,1
18.3,78,1,0
18.5,80,1,0
19.9,83,1,0
18.6,84,1,0
18.2,83,1,1
19.5,85,0,0
19,83,1,1
19.9,78,0,0
23,82,1,1
21.2,82,0,0
21.9,81,1,0
22.9,79,1,0
28.5,85,0,0
27.9,80,1,0
28.6,81,1,0
26.5,79,1,0
27.6,79,0,0
28.4,83,1,0
28.9,81,1,0
22.6,85,0,1
22.5,85,1,0
22.3,84,0,1
18.8,81,0,0
18.9,85,0,1
18.6,83,1,0
19.2,80,1,0
18.1,81,1,1
18.9,79,1,0
19.2,83,1,0
19.3,86,0,0
18.1,85,1,0
18.9,80,0,0
21.7,78,1,1
22.5,84,0,0
23,78,1,0
22.4,84,1,0
24.9,81,0,1
27.8,79,1,0
28.7,85,1,0
24.9,79,1,0
26,83,0,0
28.2,83,1,0
30.6,82,1,0
22.3,81,0,0
22.9,83,1,0
22.9,78,0,0
19.2,80,0,0
18.4,80,0,0
18.2,82,1,0
18.5,81,1,1
18.8,78,1,0
19.9,83,1,0
18.5,85,1,0
19.2,84,0,0
18.6,80,1,0
19.1,82,0,0
21.2,81,1,0
22,85,0,0
22.6,85,1,1
22.8,84,1,0
28.2,78,0,0
25.7,82,1,0
24.1,80,1,0
29,86,1,0
28.8,79,0,0
29.8,80,1,0
29.3,82,1,0
22.2,79,0,0
22.4,82,1,0
22.2,82,0,0
18,84,0,0
18.2,82,0,0
18.5,82,1,1
19.8,85,1,0
18.5,85,1,0
19.3,80,1,0
19.1,80,1,0
18.1,86,0,0
18.6,79,1,0
19.6,82,0,1
21.3,83,1,0
22.9,85,0,0
21.1,85,1,0
21,80,1,0
25.7,79,0,0
26.5,84,1,0
28.9,79,1,0
28.6,82,1,0
24.4,84,0,0
29.1,83,1,0
27.7,83,1,0
22.8,84,0,0
22.8,80,1,1
22.5,82,0,0
19.4,79,0,0
19.3,79,0,0
18.2,82,1,0
18.7,85,1,0
19.9,81,1,0
18.2,84,1,1
18.4,83,1,0
18.6,84,0,0
19.6,81,1,0
19.4,83,0,0
22.9,79,1,0
22.8,79,0,0
21.4,81,1,1
22.5,81,1,0
28.3,84,0,0
27.1,84,1,0
26.8,84,1,0
24.7,80,1,0
26,85,0,0
29.2,85,1,0
30.5,79,1,0
22.8,84,0,0
22.1,84,1,0
22.7,79,0,0
18.1,80,0,0
18.2,86,0,1
18.3,81,1,0
18.7,79,1,0
19,80,1,0
19.6,85,1,0
19.1,81,1,1
19.7,81,0,0
18.2,85,1,0
19,81,0,0
21.6,78,1,0
22.1,84,0,0
21.7,85,1,0
21.4,80,1,0
26.1,81,0,0
25.2,81,1,1
25.1,81,1,0
24.8,84,1,0
26.4,82,0,0
29.7,83,1,0
27.9,85,1,0
22.8,79,0,0
22.9,83,1,0
22.1,79,0,1
20,78,0,0
18.8,80,0,0
18.2,85,1,0
19,80,1,0
20,79,1,1
18.1,85,1,0
18.9,80,1,0
19.4,78,0,0
18.2,82,1,0
18.6,80,0,0
22.8,82,1,0
22.4,81,0,0
21.9,84,1,1
21.3,85,1,0
26.2,83,0,0
24.6,82,1,0
26.4,83,1,0
25.3,84,1,0
25.4,78,0,0
30.4,86,1,0
27.4,80,1,0
22.2,79,0,1
22.1,80,1,0
22.8,84,0,0
19.3,82,0,0
18.9,81,0,0
18.3,85,1,0
19.1,79,1,1
20,82,1,0
19.3,79,1,0
19,83,1,0
18.5,83,0,1
19.4,78,1,0
19.7,84,0,0
22.5,82,1,0
22.6,81,0,1
22.1,86,1,0
22.2,80,1,0
26.1,79,0,0
25.7,83,1,0
25.2,83,1,0
28.5,84,1,0
27.8,81,0,0
26.1,85,1,0
29.6,81,1,0
22.1,85,0,0
22.4,85,1,0
23,78,0,0
19.8,80,0,1
19,86,0,0
19.2,85,1,0
19.1,83,1,0
18.5,80,1,0
18.6,80,1,1
19.1,80,1,0
18.1,82,0,0
19.2,82,1,0
18.9,81,0,0
21.1,85,1,1
21.1,78,0,0
22.4,78,1,0
21.5,83,1,0
28.1,80,0,0
28.7,82,1,0
24.4,85,1,1
25,82,1,0
26,85,0,0
29.3,81,1,0
27.5,84,1,0
22.9,85,0,0
22.2,83,1,0
22.2,79,0,1
19.8,83,0,0
20,80,0,0
18.6,82,1,0
18.1,84,1,0
18.8,79,1,1
18.8,78,1,0
19.7,83,1,0
19.4,79,0,0
19.7,81,1,0
18.9,86,0,1
22.3,81,1,0
22,86,0,0
21.5,82,1,0
21.9,79,1,0
27.9,80,0,0
27.3,82,1,0
25,82,1,1
27.8,83,1,0
26.8,84,0,0
28.6,78,1,0
26.2,84,1,0
22.8,82,0,0
22.7,81,1,0
22.2,79,0,0
19.4,82,0,0
18,79,0,0
18.1,85,1,1
19.4,85,1,0
19.7,82,1,0
18.6,83,1,0
18.7,80,1,0
19.6,85,0,0
19.4,80,1,1
19.9,80,0,0
21.1,79,1,0
21.2,84,0,0
21.8,83,1,0
22,83,1,1
27.6,79,0,0
24.5,84,1,0
26.9,85,1,0
26.8,79,1,0
28,86,0,0
29.6,81,1,0
26.5,85,1,0
22.2,84,0,0
22.8,82,1,0
22.8,84,0,0
19.6,85,0,0
18.4,85,0,1
18.6,80,1,0
18.9,79,1,1
18.2,80,1,0
19.5,83,1,0
19.2,84,1,0
18.2,85,0,1
19.7,85,1,0
18.3,85,0,0
21.7,80,1,0
21,84,0,1
22.2,80,1,0
21.7,82,1,1
24.3,82,0,0
27.6,80,1,0
28.8,84,1,0
27.3,82,1,0
24.3,80,0,1
26.2,82,1,0
26.5,82,1,0
22.6,83,0,1
22.7,84,1,1
22.2,84,0,1
19.5,78,0,1
18.1,83,0,1
19.2,83,1,1
19.7,83,1,0
19.7,85,1,0
19.1,83,1,0
19.9,80,1,0
18.5,82,0,0
18.2,82,1,0
18.6,83,0,0
21.7,83,1,0
22.6,85,0,0
21.7,79,1,0
22.5,78,1,0
25.8,80,0,0
28.8,79,1,0
28.4,81,1,0
25.4,85,1,1
24.8,85,0,1
26.1,81,1,0
30.5,83,1,0
22.9,79,0,0
22.4,79,1,0
22.7,80,0,0
18.7,84,0,0
18.1,80,0,0
18.2,79,1,0
18.9,85,1,0
19.5,78,1,0
18.9,81,1,0
19.5,84,1,0
19.5,82,0,0
19.9,81,1,0
19,79,0,0
21.8,83,1,0
21.9,81,0,0
21.7,81,1,0
21,82,1,0
27.2,85,0,0
26.4,84,1,0
26.3,79,1,0
25.4,83,1,0
28.6,79,0,0
29.1,82,1,0
27.5,79,1,0
22.4,82,0,0
22.8,79,1,0
22.8,79,0,0
19.9,79,0,0
18.7,82,0,0
18.5,82,1,0
19.3,82,1,0
19.7,82,1,0
18.7,84,1,0
18.6,84,1,0
19.6,85,0,0
19,78,1,0
19.1,85,0,0
21.8,83,1,1
22.4,80,0,0
21.8,83,1,1
22.7,85,1,0
25.1,85,0,0
24.6,81,1,1
26.2,83,1,0
25.8,82,1,0
27,84,0,0
30.1,79,1,0
28.9,79,1,0
22.3,83,0,0
22.8,80,1,0
22.8,85,0,0
18.6,78,0,1
19.9,85,0,0
18.5,86,1,1
18.6,85,1,1
18.7,79,1,1
20,82,1,1
19,80,1,1
18.1,84,0,0
19.4,80,1,1
19.8,80,0,1
21.8,78,1,0
21.1,80,0,0
22.7,81,1,0
22.6,81,1,0
25.4,79,0,0
28.8,80,1,0
27.1,82,1,0
28.1,83,1,0
24,80,0,0
28.2,84,1,0
30.2,82,1,0
22.4,84,0,0
22.7,78,1,0
22.7,82,0,0
18.3,85,0,0
19.8,83,0,0
19.4,79,1,0
20,80,1,0
18.9,81,1,0
18,84,1,0
18.5,79,1,0
20,79,0,0
18.1,82,1,0
19,83,0,0
22.6,78,1,1
22.6,81,0,0
23,80,1,1
21.1,80,1,1
24.3,80,0,0
26.1,82,1,0
27.3,78,1,0
24.8,80,1,0
25.5,80,0,0
30.6,86,1,0
27.2,80,1,0
22.2,83,0,0
22.6,80,1,0
22.8,84,0,0
18.1,85,0,0
19.6,84,0,0
18.6,81,1,0
18.7,82,1,0
19.4,80,1,0
18.1,83,1,0
18.9,80,1,0
18.4,85,0,0
19.5,79,1,0
19.6,81,0,0
21.3,78,1,0
22.8,80,0,1
22.7,85,1,0
22.6,83,1,1
26.9,80,0,0
28.1,82,1,0
27.4,80,1,0
26.1,83,1,0
26.3,80,0,0
29,84,1,0
30.5,80,1,0
22.8,78,0,0
22.3,78,1,0
22.4,82,0,0
19,79,0,1
18.7,86,0,0
19.6,84,1,0
18.7,82,1,0
18.7,80,1,0
18.2,85,1,0
18,80,1,0
18.4,84,0,0
18.8,80,1,0
19.9,85,0,0
22.2,82,1,0
22.1,84,0,0
22.3,80,1,0
22.8,84,1,1
28.5,79,0,0
24.6,85,1,0
26.9,84,1,0
25,85,1,1
24.9,79,0,0
26.2,85,1,0
26.4,78,1,0
22.3,83,0,1
23,83,1,0
22.4,79,0,1
19.1,84,0,0
19.8,80,0,1
19.4,80,1,0
18.4,76,1,0
18.7,81,1,0
18.2,77,1,0
18.3,77,1,0
19.6,80,0,0
18.3,77,1,0
18.5,79,0,0
21.1,76,1,0
22.4,79,0,0
21.8,77,1,0
22.2,79,1,0
27.4,79,0,0
25.7,77,1,0
25.8,79,1,0
24.9,79,1,0
28.5,78,0,0
29.6,79,1,0
26.6,80,1,0
22.8,75,0,0
22.8,77,1,0
22.5,79,0,0
18.5,77,0,0
18,78,0,0
18.5,80,1,0
19.8,77,1,0
18.3,81,1,0
19.9,81,1,0
18.2,74,1,0
18.3,79,0,0
18.8,80,1,0
19.3,80,0,0
22.2,80,1,0
21.7,77,0,0
21.2,75,1,0
21.3,80,1,0
25.3,75,0,0
25.4,78,1,0
28.3,80,1,0
24.5,75,1,0
24.9,77,0,0
27.1,76,1,0
28.7,81,1,0
22.2,80,0,0
22.4,80,1,0
22.2,74,0,0
18.8,79,0,0
18.9,76,0,0
19.5,79,1,0
19.9,80,1,0
19.7,81,1,0
18.1,81,1,0
18,78,1,0
19.9,79,0,0
19.2,79,1,0
18.6,78,0,0
22,76,1,0
21.1,77,0,0
21.3,79,1,0
22.6,78,1,0
24.4,75,0,0
25.4,80,1,0
26.6,78,1,0
24.1,81,1,0
25.2,79,0,0
28.5,77,1,0
29.9,78,1,0
22.4,78,0,0
22.8,80,1,0
22.2,76,0,0
19.3,75,0,0
19.3,80,0,0
18.4,81,1,0
18.1,74,1,0
20,77,1,0
19.4,77,1,0
19.8,79,1,0
18.7,75,0,0
18.4,78,1,0
18.1,77,0,0
22.9,78,1,0
22.8,77,0,0
22.8,77,1,0
21.4,79,1,0
24.5,78,0,0
26.1,76,1,0
26.4,80,1,0
26.2,75,1,0
26.2,81,0,0
30.8,74,1,0
29.5,75,1,0
22.1,79,0,0
22.8,75,1,0
22.9,80,0,0
18.5,77,0,0
18.4,81,0,0
19.5,81,1,0
19.4,75,1,0
19.9,80,1,0
18.9,77,1,0
18.7,77,1,0
19.2,81,0,0
18.9,77,1,0
19.1,81,0,0
21.7,78,1,0
23,79,0,0
22.7,81,1,0
22.3,76,1,0
24.9,77,0,0
24.3,75,1,0
26.5,80,1,0
26.1,74,1,0
25.5,77,0,0
30.6,78,1,0
26.3,76,1,0
22.1,75,0,0
22.1,79,1,0
22.9,75,0,0
19.7,75,0,0
19.6,80,0,0
19.7,80,1,0
19.6,75,1,0
18.8,76,1,0
18.6,76,1,0
18.8,81,1,0
18.3,75,0,0
19.7,74,1,0
18.5,77,0,0
22.9,77,1,0
21.9,77,0,0
21.7,74,1,0
21.2,75,1,0
26.7,78,0,0
28.1,75,1,0
25.6,78,1,0
26.9,81,1,0
29,79,0,0
29,79,1,0
27.9,80,1,0
22,76,0,0
22.6,78,1,0
22.6,79,0,0
19.5,80,0,0
18.7,78,0,0
18.5,79,1,0
18.7,76,1,0
19.9,75,1,0
18.4,74,1,0
19.6,81,1,0
18.1,81,0,0
19.4,78,1,0
18.6,79,0,0
22.6,75,1,0
21.7,78,0,0
21.5,80,1,0
22.2,79,1,0
25.3,75,0,0
27.1,79,1,0
24.5,76,1,0
26.5,75,1,0
26.8,79,0,0
30,75,1,0
30.5,81,1,0
22.4,80,0,0
22.5,75,1,0
22.4,80,0,0
19.9,77,0,0
18.3,74,0,0
18.5,76,1,0
19.5,78,1,0
18.2,78,1,0
18,80,1,0
18.3,75,1,0
19,76,0,0
18.2,76,1,0
19.2,78,0,0
22.3,75,1,0
21.4,75,0,0
21.4,76,1,0
21.4,77,1,0
28.7,75,0,0
24.3,74,1,0
25.3,78,1,0
25.7,76,1,0
27.5,75,0,0
30.3,76,1,0
28.5,74,1,0
22.8,79,0,0
22.4,78,1,0
22.5,75,0,0
18.9,75,0,0
18.8,78,0,0
19.7,80,1,0
19.3,74,1,0
19.9,76,1,0
19.6,76,1,0
19.7,77,1,0
18.4,76,0,0
18.1,76,1,0
19.1,75,0,0
22.7,78,1,0
21.5,80,0,0
22.2,81,1,0
21.8,79,1,0
24.9,80,0,0
24.9,81,1,0
27.1,76,1,0
25.2,78,1,0
27.3,74,0,0
26.5,75,1,0
30.5,79,1,0
22.3,76,0,0
22.1,79,1,0
22.3,80,0,0
18.9,81,0,0
19.3,80,0,0
19.2,78,1,0
19.8,78,1,0
18.2,81,1,0
19.2,74,1,0
19.9,77,1,0
19.7,75,0,0
18.6,76,1,0
18.1,79,0,0
23,81,1,0
22.4,77,0,0
21.8,81,1,0
21.8,74,1,0
26.8,79,0,0
24.7,79,1,0
27.7,76,1,0
27.7,75,1,0
24.5,77,0,0
30.7,77,1,0
28,75,1,0
22.7,79,0,0
22.2,80,1,0
22.6,79,0,0
19.8,76,0,0
18.9,80,0,0
19.3,81,1,0
18.1,77,1,0
19,75,1,0
18.8,74,1,0
18,74,1,0
19.3,80,0,0
19.6,76,1,0
18.4,79,0,0
21.8,76,1,0
22.6,75,0,0
22,78,1,0
22.2,79,1,0
25.5,74,0,0
27.7,76,1,0
26.1,81,1,0
25.2,81,1,0
27.4,80,0,0
28.2,80,1,0
28.8,75,1,0
22.8,79,0,0
23,76,1,0
22.2,76,0,0
18.2,76,0,0
19.9,80,0,0
19.2,76,1,0
19.3,80,1,0
18.6,77,1,0
18.6,77,1,0
18.3,79,1,0
19.6,76,0,0
18.1,74,1,0
19.9,77,0,0
21.8,76,1,0
22.6,78,0,0
22.6,77,1,0
21.2,79,1,0
25.3,80,0,0
24.5,79,1,0
27,76,1,0
24.8,80,1,0
27.3,77,0,0
27.6,77,1,0
27.3,79,1,0
22.8,77,0,0
22.9,80,1,0
22.5,79,0,0
19.5,79,0,0
18.3,76,0,0
18.8,75,1,0
19.8,75,1,0
19.2,81,1,0
19.7,76,1,0
19.2,76,1,0
18.2,79,0,0
19.4,75,1,0
19.9,80,0,0
22.8,76,1,0
21.3,80,0,0
21.1,75,1,0
21.5,75,1,0
24.1,81,0,0
24.3,78,1,0
25.5,75,1,0
28,80,1,0
28.1,78,0,0
30.5,80,1,0
30.3,78,1,0
22,80,0,0
22.9,78,1,0
22.2,79,0,0
20,77,0,0
19.4,81,0,0
18.1,79,1,0
18.8,77,1,0
18,77,1,0
18.2,79,1,0
19.5,79,1,0
19.6,80,0,0
18.8,78,1,0
18.8,75,0,0
22.1,74,1,0
21.1,76,0,0
22.4,78,1,0
21.4,76,1,0
27.8,79,0,0
27.2,78,1,0
28.8,78,1,0
25.7,77,1,0
25.3,80,0,0
26.7,76,1,0
26.3,79,1,0
22.7,81,0,0
22.4,80,1,0
22.5,77,0,0
18.2,80,0,0
19.1,78,0,0
19.2,75,1,0
18.6,77,1,0
19.2,77,1,0
19.2,74,1,0
20,79,1,0
18.3,78,0,0
18.1,81,1,0
19.6,77,0,0
22.1,79,1,0
21.6,75,0,0
21.5,74,1,0
22.4,78,1,0
26.2,77,0,0
24.7,76,1,0
28.3,74,1,0
26.2,79,1,0
24.2,76,0,0
30.6,77,1,0
28.6,75,1,0
22.5,78,0,0
22.4,75,1,0
22.3,77,0,0
18.1,77,0,0
19.4,78,0,0
18.4,80,1,0
18.5,75,1,0
19.9,81,1,0
19.7,79,1,0
19.4,76,1,0
19.7,76,0,0
18.4,77,1,0
20,79,0,0
21.5,77,1,0
21.9,80,0,0
22.4,76,1,0
23,75,1,0
28.3,79,0,0
26.3,77,1,0
24.9,74,1,0
28.9,79,1,0
24.3,75,0,0
29.9,78,1,0
29,75,1,0
22.1,78,0,0
22.5,78,1,0
22.4,74,0,0
18,75,0,0
18.4,74,0,0
18.4,76,1,0
19.5,75,1,0
19.2,76,1,0
19.6,75,1,0
19.7,81,1,0
18.5,79,0,0
18.5,78,1,0
18.9,78,0,0
21.7,79,1,0
21.9,75,0,0
21.5,78,1,0
21.6,77,1,0
28.6,81,0,0
24.9,77,1,0
28.4,74,1,0
26.1,78,1,0
24,78,0,0
26.6,76,1,0
30.7,78,1,0
22.5,76,0,0
22.5,76,1,0
22.1,79,0,0
18.4,80,0,0
18.3,78,0,0
18.2,74,1,0
18.5,80,1,0
18.2,79,1,0
19.4,78,1,0
18.8,80,1,0
18.6,79,0,0
18.1,77,1,0
19.3,75,0,0
22.3,80,1,0
22.5,78,0,0
22.2,75,1,0
22.6,76,1,0
26.4,74,0,0
24.1,77,1,0
25.5,76,1,0
28.9,79,1,0
28.5,77,0,0
28.2,80,1,0
26.8,75,1,0
22.7,80,0,0
22.4,80,1,0
22.4,76,0,0
19.1,79,0,0
18.9,78,0,0
18.8,74,1,0
18.1,79,1,0
19.1,77,1,0
19.5,76,1,0
19.8,78,1,0
18.2,74,0,0
19.2,75,1,0
20,76,0,0
21.5,77,1,0
21.4,80,0,0
21.2,75,1,0
23,77,1,0
25.2,74,0,0
26.1,80,1,0
27,75,1,0
27.4,76,1,0
26,81,0,0
29.8,78,1,0
28.1,75,1,0
22.3,78,0,0
22,76,1,0
22.7,79,0,0
19.9,79,0,0
18.1,76,0,0
20,75,1,0
19.9,77,1,0
19.3,77,1,0
19.6,78,1,0
19.9,81,1,0
19.1,75,0,0
18.2,80,1,0
19.9,80,0,0
21.9,77,1,0
21.1,77,0,0
21.5,76,1,0
22.7,78,1,0
24.4,77,0,0
24.1,80,1,0
27.1,80,1,0
27.6,80,1,0
25.2,77,0,0
29.9,78,1,0
28,76,1,0
22.8,81,0,0
22.4,78,1,0
22.9,80,0,0
18.1,80,0,0
18.9,78,0,0
19.3,76,1,0
19,74,1,0
19.6,80,1,0
18.4,74,1,0
18.8,81,1,0
19.8,78,0,0
18.8,77,1,0
18.5,76,0,0
21.4,74,1,0
22.1,76,0,0
22.6,76,1,0
21.4,79,1,0
26.9,81,0,0
26.5,78,1,0
27.3,76,1,0
26.9,75,1,0
26.7,77,0,0
29.6,79,1,0
26.4,79,1,0
22.6,79,0,0
22.1,74,1,0
22.3,77,0,0
19.6,78,0,0
18.2,76,0,0
18.3,80,1,0
18.4,81,1,0
19.7,80,1,0
19.8,80,1,0
20,75,1,0
18.2,76,0,0
18.5,78,1,0
18.6,77,0,0
21.2,78,1,0
23,75,0,0
21.7,77,1,0
21.6,79,1,0
25,80,0,0
27.8,80,1,0
27.7,76,1,0
26.4,76,1,0
28.7,77,0,0
29.2,77,1,0
29.3,75,1,0
22.4,78,0,0
22.7,78,1,0
22.7,75,0,0
18.7,75,0,0
18.6,79,0,0
18.4,76,1,0
19.8,76,1,0
18.8,78,1,0
19.5,79,1,0
19.3,77,1,0
18.8,78,0,0
19.8,79,1,0
19.5,75,0,0
21.8,79,1,0
23,81,0,0
22.5,79,1,0
21.8,74,1,0
27.5,78,0,0
24.5,78,1,0
24.5,81,1,0
27.1,75,1,0
28.8,75,0,0
30.7,79,1,0
27.4,80,1,0
22.8,78,0,0
22.9,74,1,0
22.3,76,0,0
18.9,79,0,0
18.4,80,0,0
18.7,75,1,0
19.6,78,1,0
18.4,81,1,0
20,80,1,0
19.9,75,1,0
20,75,0,0
19.6,75,1,0
19.3,80,0,0
21.6,79,1,0
21.2,75,0,0
22.4,80,1,0
21.4,76,1,0
26.4,80,0,0
26,78,1,0
28.2,79,1,0
27.5,77,1,0
26.5,78,0,0
27.3,81,1,0
26.2,76,1,0
22,77,0,0
22.5,79,1,0
22.6,79,0,0
18.4,79,0,0
19.7,78,0,0
18.6,74,1,0
19.1,79,1,0
18.7,80,1,0
18.6,79,1,0
18.7,78,1,0
19.6,79,0,0
19.1,76,1,0
18.7,79,0,0
21.1,78,1,0
22.6,80,0,0
22.2,76,1,0
21.8,76,1,0
25,75,0,0
28.6,76,1,0
26,74,1,0
28.2,75,1,0
27,75,0,0
26.9,78,1,0
30.5,76,1,0
22.6,74,0,0
22.7,76,1,0
22.9,75,0,0
18.5,80,0,0
18.4,78,0,0
18.1,75,1,0
18.3,80,1,0
18.7,78,1,0
19.9,75,1,0
18.5,78,1,0
19.9,81,0,0
19.6,78,1,0
18.3,80,0,0
23,75,1,0
22,80,0,0
21.3,78,1,0
22.4,76,1,0
24.9,78,0,0
28.7,75,1,0
26.6,79,1,0
26.3,80,1,0
28.5,75,0,0
26.5,77,1,0
26.4,80,1,0
22.5,80,0,0
22.5,75,1,0
22.1,75,0,0
19.9,78,0,0
19.3,75,0,0
18.9,77,1,0
19.4,79,1,0
19.7,80,1,0
19,75,1,0
18.9,75,1,0
18.8,78,0,0
19.1,79,1,0
18.3,79,0,0
21.5,75,1,0
21.4,81,0,0
21.5,81,1,0
22.2,74,0,0
24.8,80,0,0
27.1,79,0,0
26.1,80,0,0
28.3,76,0,0
24.8,77,0,0
26.7,78,0,0
28.9,77,0,0
22.9,80,0,0
22.2,75,0,0
22.8,78,0,0
18.8,76,0,0
19.2,79,0,0
18.2,76,0,0
18.5,74,1,0
18,79,1,0
19.4,80,1,0
18.8,78,1,0
19,77,0,0
18.1,81,1,0
19.8,81,0,0
22.8,78,0,0
22,79,0,0
21.6,76,1,0
22.3,75,1,0
25.7,80,0,0
24.1,80,0,0
26,77,1,0
25.8,75,0,0
27.3,78,0,0
29.7,78,1,0
30.1,75,1,0
22.7,79,0,0
22.3,75,1,0
22.4,79,0,0
19.8,78,0,0
19.3,79,0,0
19.5,80,1,0
18.4,76,1,0
19.4,75,1,0
19.7,78,1,0
18.7,77,1,0
18.1,75,0,0
19,80,1,0
18.2,78,0,0
21.5,80,1,0
22.8,79,0,0
22.5,76,1,0
22.1,78,1,0
26.1,78,0,0
27.9,81,1,0
24.1,75,1,0
25.7,77,1,0
27.1,74,0,0
29.2,77,1,0
26.8,81,1,0
23,78,0,0
22.6,81,1,0
22.8,74,0,0
19.6,75,0,0
18.8,81,0,0
18.1,76,1,0
18.4,78,1,0
19.9,77,1,0
19,76,1,0
19.8,76,1,0
19.4,74,0,0
18,78,1,0
19.6,79,0,0
22.9,80,1,0
23,76,0,0
21.2,74,1,0
21.2,75,1,0
24.1,76,0,0
24.5,74,1,0
25.3,78,1,0
25,81,1,0
28.3,78,0,0
27,77,1,0
29.8,76,1,0
22.6,74,0,0
23,76,1,0
22.7,79,0,0
19.6,74,0,0
18.5,77,0,0
19.8,79,1,0
19,63,0,0
19.7,62,1,0
18.7,59,0,0
19.5,65,0,0
19,61,0,0
18.1,65,0,0
18.6,66,0,0
21.8,60,1,1
21.4,62,1,1
23,62,1,1
23,65,1,1
27.4,67,0,0
27,59,0,0
29,63,0,0
30.2,64,0,0
27,64,0,0
29.9,64,0,0
26.1,60,0,0
22.5,64,1,1
22.2,63,1,1
22.3,64,1,1
19.3,61,1,0
18.6,59,0,0
18.8,60,0,0
18.3,64,0,0
18.5,64,0,0
19,63,0,0
19.7,63,0,0
20,63,0,0
18.4,64,0,0
19.2,62,0,0
21.2,64,1,1
21.9,66,1,1
21.5,62,1,1
21.9,60,1,1
28.5,60,0,0
29.8,66,0,0
30.4,60,0,0
29.2,66,0,0
30.8,63,0,0
28.2,62,0,0
26,65,0,0
22.9,65,1,1
22.5,60,1,1
22.9,66,1,1
19,60,0,0
19.2,67,0,0
18.7,60,0,0
18.5,61,0,0
19.7,65,0,0
18.8,63,0,0
18.4,64,0,0
18.5,62,0,0
19.1,62,0,0
18.6,67,0,0
22.5,65,1,1
22.5,59,0,0
21.8,60,1,1
22.7,61,1,1
30.6,59,0,0
29.4,63,0,0
26.3,62,0,0
27.4,65,0,0
28.1,66,0,0
26.2,62,0,0
29.5,62,0,0
22.5,66,1,1
22.7,64,1,1
22.2,63,1,1
18.4,65,0,0
18.1,66,0,0
18.5,60,0,0
18.7,59,0,0
18.3,63,0,0
18.3,62,0,0
18.7,62,0,0
19.2,63,0,0
19.6,61,0,0
18.3,61,0,0
22.6,64,1,1
21.9,62,1,1
21.3,65,1,1
22.1,59,0,0
27.5,66,0,0
29.3,65,0,0
29.6,60,0,0
26.1,61,0,0
29.5,61,0,0
30,65,0,0
30.5,64,0,0
22.7,66,1,1
22.9,59,0,0
22.2,64,1,1
18.7,59,0,0
18.2,61,0,0
19.2,60,0,0
19.2,65,0,0
18.5,62,0,0
18.4,66,0,0
19.7,62,0,0
18.4,66,0,0
18.5,66,0,0
19,66,0,0
22.2,60,1,1
22.4,65,1,1
22.8,66,1,1
21.5,66,1,1
26.5,62,0,0
26.6,67,0,0
28.4,64,0,0
27.1,61,0,0
31,64,0,0
27.2,62,0,0
26.8,62,0,0
22.4,62,1,1
22.6,65,1,1
22.9,64,1,1
19.9,63,1,0
18.4,61,0,0
18.9,60,0,0
19.7,66,1,0
19.4,65,1,0
18.8,61,0,0
18.5,67,0,0
18.1,67,0,0
18,62,0,0
18.7,65,0,0
22.9,67,1,1
23,65,1,1
21.5,64,1,1
22.3,59,0,0
28,64,0,0
30.5,65,0,0
26.6,63,0,0
30.9,64,0,0
29.3,66,0,0
29.1,64,0,0
27.9,63,0,0
22.5,63,1,1
22,64,1,1
22.6,67,1,1
18.4,59,0,0
19.9,59,1,0
19.2,61,1,0
19.7,59,0,0
19.2,63,1,0
19.8,63,1,0
18.4,67,0,0
18.3,64,0,0
19.2,63,0,0
18,66,0,0
21.8,61,1,1
22.5,66,1,1
22.3,66,1,1
21.6,64,1,1
27.5,63,0,0
30.6,65,0,0
30.3,65,0,0
27.9,62,0,0
30.7,64,0,0
27.4,64,0,0
28.7,59,0,0
22.2,63,1,1
22,61,1,1
22.6,65,1,1
19.7,66,0,0
18.2,61,0,0
18.7,62,0,0
19.4,63,0,0
19.1,62,0,0
18,66,0,0
19.9,64,0,0
18.2,65,0,0
19.9,62,0,0
18.3,60,0,0
22.9,65,1,1
22.1,62,1,1
21.9,66,1,1
23,59,0,0
29.4,66,0,0
30.9,65,0,0
26.4,64,0,0
30.6,60,0,0
30.7,63,0,0
30.6,60,0,0
31,60,0,0
22.1,63,1,1
22.7,65,1,1
22.7,63,1,1
19,64,0,0
19.9,64,0,0
19,59,0,0
18.4,60,0,0
19.4,62,0,0
19.5,64,0,0
19,60,0,0
18.2,65,0,0
18.8,60,0,0
19.4,65,0,0
22,65,1,1
21.6,62,1,1
21,64,1,1
21.5,67,1,1
27.2,61,0,0
26.3,59,0,0
27.9,63,0,0
29.6,60,0,0
28.4,65,0,0
30.3,60,0,0
26.8,63,0,0
22.5,63,1,1
22.4,64,1,1
22.5,63,1,1
18.1,66,0,0
19.7,63,0,0
19.3,66,0,0
18.1,62,0,0
18.8,59,0,0
18.3,67,0,0
18.2,67,0,0
18.4,59,0,0
18.5,62,0,0
19.2,60,0,0
22.6,66,1,1
22.3,66,1,1
21,66,1,1
21.3,66,1,1
30.5,65,0,0
29.7,61,0,0
27.3,66,0,0
27.3,64,0,0
26.8,61,0,0
28.6,63,0,0
27.1,60,0,0
22,63,1,1
22.2,60,1,1
22,64,1,1
18.9,62,0,0
18.5,64,0,0
18,64,0,0
19.9,64,0,0
18.4,63,0,0
19.9,67,0,0
18.7,60,0,0
19.5,63,0,0
18.5,62,0,0
19.6,63,0,0
21.6,59,0,0
21.5,60,1,1
22.6,63,1,1
21.9,60,1,1
26.1,64,0,0
27.3,63,0,0
26.6,59,0,0
29.2,61,0,0
30,62,0,0
27.3,60,0,0
27.6,60,0,0
22.5,59,0,0
22.3,65,1,1
22,67,1,1
18.3,63,0,0
19.1,61,0,0
18.5,65,0,0
18.9,60,0,0
18.9,64,0,0
18.7,66,0,0
19.9,61,0,0
18.6,62,0,0
18.2,62,0,0
19,62,0,0
21.4,67,1,1
21.3,66,1,1
22.7,63,1,1
23,67,1,1
30.7,59,0,0
30.2,59,0,0
30.6,67,0,0
28.7,67,0,0
28.7,60,0,0
26.8,64,0,0
30.4,59,0,0
22.9,60,1,1
22.7,60,1,1
22.7,66,1,1
18.4,62,0,0
19.4,61,0,0
19,63,0,0
18.1,66,0,0
18.9,61,0,0
18.1,61,0,0
18.9,66,0,0
19.3,60,0,0
18.1,62,0,0
19.7,60,0,0
21.2,63,1,1
22.6,62,1,1
21.9,63,1,1
21.8,60,1,1
29.3,66,0,0
26.5,62,0,0
26,61,0,0
29.3,61,0,0
28.1,65,0,0
30.4,64,0,0
29.2,67,0,0
22.9,62,1,1
23,66,1,1
22.5,65,1,1
19.7,59,0,0
18.2,66,0,0
19.5,61,0,0
18.4,60,0,0
19.8,61,0,0
19.8,61,0,0
18.1,65,0,0
19,66,1,0
19.9,60,0,0
19.7,63,0,0
22.7,60,1,1
21.1,60,1,1
22.2,60,1,1
21.1,64,1,1
28.4,65,0,0
30.4,62,0,0
27.5,59,0,0
26.9,66,0,0
27.1,60,0,0
26.6,62,0,0
29.8,63,0,0
22.2,66,1,1
22.5,63,1,1
22.6,66,1,1
18.9,66,0,0
19,67,0,0
19.2,64,1,0
19.1,65,0,0
18.9,61,0,0
18.6,64,0,0
19.8,61,0,0
18.5,67,0,0
19.5,65,0,0
19.8,66,0,0
22.7,64,1,1
22.6,61,1,1
21.1,63,1,1
21.2,64,1,1
28.2,66,0,0
27.2,66,0,0
30.8,65,0,0
27.4,62,0,0
30.4,60,0,0
30.2,60,0,0
26.8,62,0,0
22.5,61,1,1
22.5,59,0,0
22.8,61,1,1
18.1,67,0,0
18.5,60,0,0
19.9,62,0,0
19.4,66,0,0
18,63,0,0
19.4,63,0,0
18,66,0,0
19.6,66,0,0
18.2,66,0,0
18.9,61,0,0
22.7,63,1,1
22.2,63,1,1
21.1,60,1,1
21.9,62,1,1
28.2,63,0,0
30.3,64,0,0
27.3,61,0,0
30.5,61,0,0
26.1,67,0,0
29,61,0,0
26.8,62,0,0
22.3,64,1,1
22.7,60,1,1
22.2,61,1,1
19.4,63,0,0
19.8,64,0,0
18.3,61,0,0
19.5,61,0,0
19.8,61,0,0
18.2,66,0,0
18.2,60,0,0
18.1,63,0,0
19.2,60,0,0
19.1,63,0,0
21,60,1,1
21.9,64,1,1
21.8,61,1,1
22.8,65,1,1
26.1,60,0,0
29.3,65,0,0
27.1,63,0,0
27.8,67,0,0
27.7,66,0,0
28.4,63,0,0
29,63,0,0
22,64,1,1
22.1,61,1,1
22.3,63,1,1
19.6,63,0,0
18.1,67,0,0
19.4,65,1,0
18.1,60,0,0
18.2,66,0,0
19.9,67,0,0
19.2,60,0,0
19.3,64,1,0
19.7,64,0,0
19.8,61,0,0
22,63,1,1
21.6,62,1,1
21.6,66,1,1
21.5,62,1,1
26.5,63,0,0
26.8,65,0,0
27.9,65,0,0
28.2,62,0,0
29,62,0,0
26.9,61,0,0
30.3,59,0,0
22.4,66,1,1
22.9,66,1,1
22.2,62,1,1
19,63,0,0
18.1,61,0,0
19.8,67,0,0
18.9,63,0,0
19.8,63,0,0
18.1,64,0,0
19.3,66,0,0
19.5,59,0,0
18.5,64,0,0
19.7,66,0,0
22.6,61,1,1
21.7,66,1,1
21.6,59,0,0
22.2,66,1,1
27,64,0,0
27.6,61,0,0
29.6,62,0,0
26.3,67,0,0
29.9,61,0,0
27.1,60,0,0
26.1,60,0,0
22.1,65,1,1
22.2,63,1,1
22.3,61,1,1
18.4,61,0,0
19.7,63,0,0
18.8,65,0,0
18.5,63,0,0
19,62,0,0
19.3,60,0,0
18.4,63,0,0
19.9,66,0,0
19.4,66,0,0
19,65,0,0
21.8,62,1,1
21.4,62,1,1
21,62,1,1
22.9,63,1,1
30.2,67,0,0
27.7,67,0,0
27.9,60,0,0
30.6,60,0,0
30.3,64,0,0
30.7,62,0,0
30.9,61,0,0
22.3,59,0,0
22.9,62,1,1
22,63,1,1
19.3,62,0,0
18.7,61,0,0
20,61,0,0
18.3,66,0,0
19.5,63,0,0
19.4,65,0,0
19.2,59,0,0
18.6,67,0,0
18.2,59,0,0
18.3,66,0,0
22,60,1,1
21.6,64,1,1
22.3,60,1,1
22.9,63,1,1
26.4,60,0,0
27.7,65,0,0
29.2,63,0,0
26.1,66,0,0
28.4,66,0,0
29.6,67,0,0
27.3,61,0,0
22.1,64,1,1
22.3,61,1,1
22.8,65,1,1
18.3,65,0,0
18.6,62,0,0
18.1,61,0,0
19.7,64,0,0
19.5,59,0,0
19.2,64,0,0
19.3,65,0,0
18,60,0,0
19.9,63,0,0
18.6,67,0,0
21.7,60,1,1
21.6,60,1,1
21.6,63,1,1
22.3,60,1,1
29.2,66,0,0
30.5,67,0,0
30.4,65,0,0
30.5,62,0,0
29.7,65,0,0
27,65,0,0
29.8,66,0,0
22.7,67,1,1
23,62,1,1
22.2,60,1,1
20,67,0,0
19.4,60,0,0
18.9,61,0,0
18.3,63,0,0
18.1,63,0,0
19.2,59,0,0
18.3,61,0,0
19.6,64,0,0
18.2,66,0,0
18.2,59,0,0
21.8,66,1,1
21.5,62,1,1
21.5,61,1,1
22.8,63,1,1
29.4,63,0,0
28.6,63,0,0
28.5,65,0,0
28.8,65,0,0
26.2,66,0,0
28.1,60,0,0
27.4,62,0,0
22.4,59,0,0
22.7,66,1,1
22.8,62,1,1
19,65,0,0
19.4,60,0,0
19,63,0,0
19,65,0,0
18.6,65,0,0
19.9,67,0,0
18.1,66,0,0
20,64,0,0
19.4,66,0,0
18,61,0,0
22.4,67,1,1
21.2,63,1,1
22.5,62,1,1
21.2,62,1,1
28.6,62,0,0
29.3,62,0,0
29.4,61,0,0
29,64,0,0
27.1,63,0,0
30.9,67,0,0
29.2,61,0,0
22.6,61,1,1
22,65,1,1
22.4,59,0,0
19.8,64,0,0
18.4,65,0,0
18.3,62,0,0
18.6,67,0,0
18.9,65,0,0
19.8,65,0,0
18.9,64,0,0
18.4,60,0,0
18.4,61,0,0
18.1,60,0,0
21.7,63,1,1
21.1,64,1,1
22.7,66,1,1
22.7,63,1,1
29.9,60,0,0
30.9,67,0,0
27.4,65,0,0
28.3,67,0,0
29.1,59,0,0
28.7,63,0,0
28.1,63,0,0
22.7,65,1,1
23,60,1,1
22.1,62,1,1
19.7,62,0,0
19.9,60,0,0
20,59,0,0
19.7,66,0,0
19.7,65,0,0
18.3,63,0,0
19.1,61,0,0
18.3,59,0,0
18.6,66,0,0
18.6,63,0,0
21.5,61,1,1
22.4,59,0,0
21,61,1,1
22.3,66,1,1
26.4,66,0,0
28.1,65,0,0
29.5,60,0,0
30.5,65,0,0
27.7,60,0,0
28,60,0,0
29.6,64,0,0
22.7,62,1,1
22.4,63,1,1
22.3,64,1,1
19.8,67,0,0
19.5,64,0,0
18.7,61,0,0
19.5,65,0,0
19,67,0,0
19.7,60,0,0
19.6,64,0,0
18.9,64,0,0
19.1,61,0,0
19.2,60,0,0
21,63,1,1
21.7,59,0,0
21.1,66,1,1
21,61,1,1
29,61,0,0
27.2,66,0,0
30.7,60,0,0
29.4,65,0,0
28.1,65,0,0
30.3,64,0,0
29.2,65,0,0
22.8,64,1,1
22.8,64,1,1
22.1,67,1,1
18.4,59,0,0
18.4,59,0,0
18.7,67,0,0
18.8,59,0,0
18.4,63,0,0
19.9,66,0,0
18.1,64,0,0
18.3,65,0,0
18.4,61,0,0
20,60,0,0
21.3,62,1,1
21.7,67,1,1
22.2,63,1,1
22.5,66,1,1
26.7,63,0,0
27.7,66,0,0
30.3,64,0,0
27.8,64,0,0
29.2,60,0,0
27.8,67,0,0
30.1,60,0,0
22.8,63,1,1
22.3,64,1,1
22.6,66,1,1
19.1,59,0,0
19.3,65,0,0
18.5,66,0,0
19.8,65,0,0
19.9,61,0,0
18.5,62,0,0
19.3,67,0,0
19.2,61,0,0
19.5,66,0,0
18.4,62,0,0
21.4,61,1,1
22,61,1,1
22.3,65,1,1
22.6,61,1,1
27.7,66,0,0
27.2,64,0,0
30.1,61,0,0
29.1,63,0,0
27.9,61,0,0
28,59,0,0
28.5,63,0,0
22.4,60,1,1
22.4,60,1,1
22.7,63,1,1
19.7,67,0,0
18.4,60,0,0
18.1,65,0,0
19.5,64,0,0
18.2,67,0,0
19.6,61,0,0
19.2,61,0,0
18.9,62,0,0
18.2,60,0,0
19.9,61,0,0
22.8,64,1,1
23,63,1,1
21.3,64,1,1
22.9,67,1,1
28.1,61,0,0
26.7,67,0,0
27.4,64,0,0
30.2,60,0,0
27.6,61,0,0
30.6,64,0,0
27.7,63,0,0
22.4,64,1,1
22.6,65,1,1
22.4,65,1,1
19,61,0,0
19.7,60,0,0
19.1,65,0,0
19.5,67,0,0
18.9,62,0,0
19.8,61,0,0
18.7,64,0,0
18.1,66,0,0
18.5,63,0,0
19.3,60,0,0
23,64,1,1
21,66,1,1
22.6,62,1,1
21.7,65,1,1
26.2,67,0,0
30.8,62,0,0
27.9,60,0,0
30.9,64,0,0
28.8,63,0,0
29.4,59,0,0
28.5,66,0,0
22.6,62,1,1
22.5,66,1,1
22.5,59,0,0
19.6,64,0,0
19.6,62,0,0
19.4,67,0,0
17.2,57,0,0
16.4,60,0,0
19,57,0,0
16.7,51,0,0
16.6,51,0,0
18.5,53,0,0
17.1,56,0,0
22.9,51,0,0
22.9,62,1,1
22.1,58,0,0
22.6,52,0,0
30.1,55,0,0
28.4,61,0,0
27.3,53,0,0
28.2,60,0,0
29.9,56,0,0
29.5,61,0,0
30.9,61,0,0
22.6,52,0,0
22.9,51,0,0
22.4,60,1,1
18,53,0,0
16.2,59,0,0
18.2,56,0,0
18.2,60,0,0
18.8,51,0,0
19.7,58,0,0
18.1,62,0,0
19.9,57,0,0
19.6,61,0,0
16.1,54,0,0
22.8,54,0,0
21.4,60,1,1
22.9,57,0,0
22.6,62,1,1
26.4,59,0,0
28.5,52,0,0
28.6,60,0,0
29.2,51,0,0
27.8,59,0,0
28,56,0,0
28.5,56,0,0
22.7,56,0,0
22.1,59,0,0
22.6,55,0,0
19.4,58,0,0
17.2,61,0,0
18.3,55,0,0
18.8,60,0,0
20,58,0,0
16.4,60,0,0
17,58,0,0
18,56,0,0
18.9,56,0,0
18.4,58,0,0
22.1,53,0,0
22.4,52,0,0
22.1,62,1,1
22.9,52,0,0
27,61,0,0
28.7,59,0,0
29.7,57,0,0
28,53,0,0
29,53,0,0
29.4,58,0,0
28.3,57,0,0
22.5,56,0,0
22.7,59,0,0
22.4,52,0,0
19.8,58,0,0
19.6,54,0,0
17.8,57,0,0
19.9,51,0,0
18.2,56,0,0
17.1,59,0,0
19.8,53,0,0
17.1,59,0,0
16.4,51,0,0
17.3,55,0,0
21.6,58,0,0
22.6,52,0,0
21.2,55,0,0
22.4,59,0,0
27.9,61,0,0
26.8,58,0,0
27.7,58,0,0
28.4,61,0,0
30.7,57,0,0
30.1,53,0,0
29,57,0,0
22.4,59,0,0
22.9,58,0,0
22.8,57,0,0
16.7,58,0,0
19.5,51,0,0
18.9,58,0,0
18.1,52,0,0
16.6,51,0,0
16.4,62,0,0
19.3,58,0,0
18.7,53,0,0
19.8,54,0,0
17.9,60,0,0
22.5,55,0,0
22.8,55,0,0
22.4,59,0,0
22.4,56,0,0
28.6,55,0,0
30.4,58,0,0
26.7,58,0,0
29.4,56,0,0
30.8,58,0,0
30.7,60,0,0
27.3,52,0,0
22.6,61,1,1
23,54,0,0
22.6,57,0,0
18.1,54,0,0
16.8,60,0,0
17.8,57,0,0
16.6,62,0,0
17,57,0,0
16.6,59,0,0
16.9,54,0,0
16.2,58,0,0
19.3,61,0,0
18.4,60,0,0
21.6,52,0,0
21.1,60,1,1
22.4,62,1,1
21.7,60,1,1
26.5,57,0,0
28,59,0,0
28.6,52,0,0
30.2,61,0,0
29.8,57,0,0
28.7,58,0,0
28.6,55,0,0
22.4,62,1,1
22.6,59,0,0
22.7,54,0,0
19.6,60,0,0
16.1,62,0,0
18.6,53,0,0
17.5,54,0,0
16.3,62,0,0
16.6,57,0,0
18.1,61,0,0
16.8,53,0,0
17.9,51,0,0
16.7,57,0,0
21.3,55,0,0
21.4,51,0,0
21.1,53,0,0
21.1,59,0,0
27.7,51,0,0
27.9,57,0,0
26.8,60,0,0
30.1,55,0,0
26.6,57,0,0
29.1,62,0,0
26.4,52,0,0
22,60,1,1
22.1,53,0,0
22.7,57,0,0
18.4,58,0,0
19.5,58,0,0
17.4,57,0,0
19.6,59,0,0
16.9,54,0,0
19.5,53,0,0
16.5,61,0,0
19.5,54,0,0
17.2,61,0,0
18.8,52,0,0
21.4,55,0,0
22.5,52,0,0
22.2,59,0,0
22.1,53,0,0
26,52,0,0
29.5,56,0,0
29.6,54,0,0
27.8,53,0,0
29.4,54,0,0
26.4,58,0,0
28.1,62,0,0
22.1,61,1,1
22.2,57,0,0
22.1,56,0,0
16.8,59,0,0
19.6,51,0,0
16.4,61,0,0
20,52,0,0
17.4,53,0,0
19.3,55,0,0
18.7,61,0,0
17.3,61,0,0
19.3,57,0,0
18.8,60,0,0
22.2,52,0,0
21.7,61,1,1
22.2,59,0,0
22.1,62,1,1
26.8,52,0,0
30.6,51,0,0
29.4,57,0,0
28.4,60,0,0
30.1,51,0,0
28,62,0,0
26.7,62,0,0
22.9,53,0,0
22.1,54,0,0
23,53,0,0
16.5,61,0,0
18.3,56,0,0
19.7,53,0,0
18.9,54,0,0
17.6,55,0,0
19.1,59,0,0
19.2,53,0,0
17,55,0,0
18.5,53,0,0
16.4,53,0,0
22.7,54,0,0
21,58,0,0
22.2,62,1,1
22.6,51,0,0
26.7,60,0,0
26.4,52,0,0
27.9,62,0,0
28.1,55,0,0
28.3,57,0,0
26.9,61,0,0
28.5,51,0,0
22.9,53,0,0
22.2,59,0,0
22.8,61,1,1
18.3,54,0,0
18.3,58,0,0
17.5,58,0,0
16.6,57,0,0
19.1,52,0,0
16.8,62,0,0
20,54,0,0
19.9,60,0,0
16.1,57,0,0
16.3,55,0,0
21.7,53,0,0
22.5,58,0,0
21.5,59,0,0
21.3,57,0,0
26.2,54,0,0
27.7,61,0,0
30,58,0,0
26.3,61,0,0
27.5,57,0,0
27.4,51,0,0
29.5,54,0,0
22.9,55,0,0
22.4,51,0,0
22.2,57,0,0
19.4,51,0,0
19.4,58,0,0
20,54,0,0
18.9,61,0,0
16,62,0,0
17.4,59,0,0
17.5,53,0,0
16.6,57,0,0
19.5,55,0,0
19.4,56,0,0
22.2,59,0,0
22.1,52,0,0
21.7,56,0,0
22.3,53,0,0
30.4,59,0,0
26.2,58,0,0
30.1,58,0,0
31,61,0,0
27.4,60,0,0
28.6,51,0,0
29.2,54,0,0
22.6,53,0,0
22,58,0,0
22.7,57,0,0
16.1,53,0,0
17.7,57,0,0
18.3,54,0,0
18.1,54,0,0
19.7,54,0,0
16.7,56,0,0
18.1,56,0,0
19.8,52,0,0
19.6,51,0,0
19.1,54,0,0
22.3,55,0,0
21.4,59,0,0
21.9,58,0,0
21.1,56,0,0
27.4,62,0,0
30.4,62,0,0
26.6,58,0,0
28.6,57,0,0
26.8,56,0,0
29.9,54,0,0
28,55,0,0
22.8,51,0,0
23,54,0,0
22.4,52,0,0
19.6,53,0,0
17.7,61,0,0
17.5,56,0,0
18.6,58,0,0
18.4,56,0,0
16.1,56,0,0
19.3,53,0,0
16.3,55,0,0
18.7,56,0,0
18.1,61,0,0
21.1,57,0,0
21.9,56,0,0
22.6,55,0,0
21.5,56,0,0
27.6,53,0,0
29.2,59,0,0
28.7,52,0,0
27.7,54,0,0
28.8,60,0,0
29.7,52,0,0
26.9,57,0,0
22.9,54,0,0
22,56,0,0
22.7,59,0,0
16.2,54,0,0
19.7,55,0,0
19.3,56,0,0
16.4,57,0,0
19.1,54,0,0
17.7,58,0,0
19.2,52,0,0
16.9,60,0,0
17.9,59,0,0
17.4,53,0,0
21.2,55,0,0
21.8,61,1,1
22.7,61,1,1
21.7,60,1,1
26,57,0,0
30.3,52,0,0
29.4,60,0,0
27.9,54,0,0
27.5,61,0,0
30.1,56,0,0
28.3,61,0,0
22.6,60,1,1
22.3,57,0,0
22,61,1,1
18.5,57,0,0
16.3,52,0,0
19.8,58,0,0
18,58,0,0
18.3,59,0,0
18.5,56,0,0
17.7,61,0,0
18.9,55,0,0
17.7,56,0,0
17.2,59,0,0
22.4,60,1,1
21.8,54,0,0
22.1,56,0,0
22.4,53,0,0
27.2,51,0,0
26.6,54,0,0
30.3,60,0,0
30.5,55,0,0
29.7,57,0,0
30.2,52,0,0
30.1,55,0,0
22.1,57,0,0
22.3,55,0,0
22.6,57,0,0
16.5,59,0,0
17.4,59,0,0
17.4,60,0,0
17.6,52,0,0
18.6,59,0,0
16,56,0,0
18,56,0,0
18.7,57,0,0
19.2,56,0,0
18.3,58,0,0
21.5,59,0,0
22.6,58,0,0
21.9,57,0,0
21.4,54,0,0
28.6,59,0,0
26.5,58,0,0
26.9,53,0,0
27.7,51,0,0
30,52,0,0
26.5,54,0,0
29.4,56,0,0
22.4,62,1,1
22.1,56,0,0
22.7,61,1,1
18,60,0,0
18.8,59,0,0
17.9,55,0,0
17.3,59,0,0
19.8,57,0,0
19.3,56,0,0
17.2,54,0,0
18.8,54,0,0
18.5,54,0,0
19.9,59,0,0
22.6,60,1,1
21.9,51,0,0
21.6,61,1,1
22.9,59,0,0
29.7,54,0,0
28.4,54,0,0
26.1,53,0,0
26.5,58,0,0
26.2,61,0,0
28.2,55,0,0
29.5,61,0,0
22.5,61,1,1
22.5,53,0,0
22.2,62,1,1
16.7,58,0,0
18.3,58,0,0
19,52,0,0
19.5,54,0,0
16.8,54,0,0
17,61,0,0
17.8,56,0,0
16.2,53,0,0
18.7,56,0,0
16.1,53,0,0
22.9,55,0,0
21.5,59,0,0
22.4,53,0,0
21.8,51,0,0
29,59,0,0
26.4,58,0,0
26.9,53,0,0
30,59,0,0
26.7,55,0,0
27.3,51,0,0
26.3,54,0,0
22.6,60,1,1
22.2,52,0,0
22.8,60,1,1
19.5,58,0,0
18.5,58,0,0
20,53,0,0
18.7,60,0,0
16.9,60,0,0
18.6,52,0,0
16.4,52,0,0
17.3,57,0,0
16.2,59,0,0
17.6,59,0,0
22.2,57,0,0
22.9,61,1,1
21.7,55,0,0
21.6,56,0,0
27.9,55,0,0
30.6,52,0,0
28.6,58,0,0
28.6,56,0,0
29.8,55,0,0
28.2,55,0,0
29.9,55,0,0
22.6,52,0,0
22.6,58,0,0
22.1,55,0,0
16.1,57,0,0
16.3,54,0,0
18.6,59,0,0
17,51,0,0
17.1,56,0,0
19.5,51,0,0
17.7,57,0,0
17.4,54,0,0
18,54,0,0
16,55,0,0
22.8,59,0,0
21.4,52,0,0
22.7,54,0,0
22.1,56,0,0
27.9,61,0,0
26.1,60,0,0
26.9,56,0,0
30,55,0,0
28.2,54,0,0
29.8,52,0,0
30.6,60,0,0
22.2,60,1,1
22.5,59,0,0
22.9,53,0,0
17.9,61,0,0
18.3,59,0,0
19,55,0,0
19.9,56,0,0
16.4,53,0,0
19.8,61,0,0
16.6,52,0,0
19.4,51,0,0
19.6,58,0,0
16.2,52,0,0
21.4,60,1,1
21.9,59,0,0
22.2,58,0,0
21.7,61,1,1
29.8,54,0,0
27.4,53,0,0
29.5,61,0,0
26.5,51,0,0
29.1,53,0,0
26.1,60,0,0
26.9,53,0,0
22.3,60,1,1
22.4,59,0,0
22.5,58,0,0
18.6,53,0,0
19.1,54,0,0
19.3,55,0,0
19.3,60,0,0
17,57,0,0
17.2,58,0,0
19.3,54,0,0
17.6,61,0,0
16.1,58,0,0
17.2,61,0,0
21.8,55,0,0
22.8,54,0,0
21.4,51,0,0
22.8,59,0,0
29.6,52,0,0
30.5,52,0,0
30.8,58,0,0
26.6,54,0,0
29.3,61,0,0
30.5,53,0,0
30.5,56,0,0
23,55,0,0
22.9,62,1,1
22.1,62,1,1
17.4,62,0,0
18.3,56,0,0
18.8,52,0,0
18.3,52,0,0
18.5,55,0,0
18.3,52,0,0
19.1,53,0,0
17.2,53,0,0
18.5,60,0,0
17.8,51,0,0
22.8,56,0,0
21.1,56,0,0
21.8,60,1,1
22.9,60,1,1
29.8,61,0,0
27,61,0,0
27.1,60,0,0
31,53,0,0
30.3,56,0,0
29.5,51,0,0
26.7,61,0,0
22.8,52,0,0
22.7,55,0,0
22.1,59,0,0
16.2,52,0,0
19.6,57,0,0
18.5,56,0,0
16.9,61,0,0
19.7,57,0,0
19.3,59,0,0
19,56,0,0
17.5,54,0,0
18.8,51,0,0
17.9,59,0,0
22.4,61,1,1
22.2,62,1,1
21.9,57,0,0
22.9,59,0,0
26.6,52,0,0
30.9,59,0,0
31,54,0,0
26.1,58,0,0
28.4,54,0,0
26.3,53,0,0
27.3,62,0,0
22.1,57,0,0
22.2,58,0,0
22.8,54,0,0
16.5,52,0,0
19.8,55,0,0
18,61,0,0
18.6,61,0,0
17,53,0,0
19.5,53,0,0
17.1,51,0,0
16.2,56,0,0
16.3,56,0,0
17.8,61,0,0
21.5,51,0,0
21.6,61,1,1
21.7,62,1,1
21.1,55,0,0
29,53,0,0
26.4,54,0,0
28.5,62,0,0
27.3,61,0,0
27.1,58,0,0
27.1,54,0,0
27.8,52,0,0
22.3,56,0,0
22,58,0,0
22.1,53,0,0
18,59,0,0
18.9,55,0,0
16.8,58,0,0
18.9,57,0,0
19.6,57,0,0
17.2,59,0,0
16.7,58,0,0
19.3,57,0,0
18.9,60,0,0
17.8,60,0,0
21.9,56,0,0
22.1,52,0,0
21.3,57,0,0
21.6,55,0,0
30.6,56,0,0
29.1,55,0,0
26.3,52,0,0
30.1,54,0,0
28.7,61,0,0
30.6,61,0,0
29.7,53,0,0
22.5,52,0,0
22.5,57,0,0
22.8,52,0,0
16.4,58,0,0
16.8,54,0,0
19.1,58,0,0
19.1,61,0,0
19.2,58,0,0
17.5,58,0,0
19,59,0,0
18.7,57,0,0
19.8,61,0,0
18.2,52,0,0
21,55,0,0
22,52,0,0
21.4,55,0,0
22.4,56,0,0
29.5,55,0,0
26.1,60,0,0
28.7,51,0,0
28.3,58,0,0
26.4,57,0,0
28.9,53,0,0
28.8,57,0,0
22.3,57,0,0
22.9,61,1,1
22.9,58,0,0
18.9,56,0,0
17.6,60,0,0
16.6,57,0,0
17.7,56,0,0
17.3,52,0,0
16.9,61,0,0
17.8,57,0,0
19,61,0,0
18.1,61,0,0
16.6,54,0,0
21.5,62,1,1
21.8,51,0,0
22.1,56,0,0
22.4,57,0,0
30,61,0,0
30.9,61,0,0
28.3,62,0,0
26.8,52,0,0
27.2,53,0,0
26.7,60,0,0
27.8,56,0,0
22,61,1,1
23,60,1,1
22.9,58,0,0
16.2,56,0,0
18.6,60,0,0
17.3,61,0,0
19.4,61,0,0
18.5,61,0,0
18.8,61,0,0
16.1,61,0,0
16.5,58,0,0
17.3,59,0,0
18.8,61,0,0
21.9,51,0,0
21.8,61,1,1
21.4,52,0,0
22,60,1,1
29.7,52,0,0
27.4,54,0,0
26.1,52,0,0
29.5,53,0,0
30.4,59,0,0
29.7,56,0,0
26.5,61,0,0
22.4,60,1,1
23,57,0,0
22.4,57,0,0
17.1,59,0,0
17.2,60,0,0
18.5,62,0,0
17.8,55,0,0
13.4,59,0,0
16.8,54,0,0
14.5,61,0,0
17.7,56,0,0
15.7,53,0,0
13.1,52,0,0
20.3,53,0,0
22.8,53,0,0
21.5,58,0,0
22.3,61,1,1
28.6,55,0,0
27.7,55,0,0
28.7,55,0,0
27.7,58,0,0
26.1,56,0,0
27.6,59,0,0
26.7,60,0,0
22.6,56,0,0
22.5,59,0,0
22.2,56,0,0
17.9,59,0,0
17.4,56,0,0
16.7,52,0,0
14.4,59,0,0
14.2,56,0,0
17.8,60,0,0
15.7,53,0,0
17.7,59,0,0
17.8,60,0,0
15.5,56,0,0
20.8,60,1,1
22,56,0,0
20.5,55,0,0
21.6,55,0,0
28.3,55,0,0
28.7,53,0,0
26.4,52,0,0
26.6,52,0,0
28.3,56,0,0
27.6,52,0,0
26.7,60,0,0
22,51,0,0
22.3,57,0,0
23,60,1,1
17.9,60,0,0
19.5,53,0,0
19.6,60,0,0
16.2,56,0,0
13.3,53,0,0
14.9,60,0,0
13.1,54,0,0
15.2,56,0,0
17.4,59,0,0
15.7,54,0,0
22.6,60,1,1
22.6,54,0,0
22.3,53,0,0
22.1,53,0,0
27,54,0,0
28.6,55,0,0
28.3,60,0,0
26.2,52,0,0
27.8,56,0,0
26.3,58,0,0
28.6,56,0,0
22.1,57,0,0
22.2,53,0,0
22.1,59,0,0
17.8,60,0,0
18.3,57,0,0
18.3,59,0,0
17.7,51,0,0
16.3,55,0,0
14.5,58,0,0
16.4,52,0,0
14.3,60,0,0
16.6,56,0,0
16.5,57,0,0
21.9,60,1,1
23,61,1,1
21.1,52,0,0
20.7,59,0,0
28.6,52,0,0
28,58,0,0
28.4,54,0,0
27.9,55,0,0
26.3,55,0,0
28.7,53,0,0
28.8,59,0,0
22.7,58,0,0
22.2,52,0,0
22.1,52,0,0
17.5,56,0,0
18.2,61,0,0
17.7,60,0,0
16.9,52,0,0
16.2,56,0,0
17.3,60,0,0
16.3,57,0,0
13.7,61,0,0
16.5,57,0,0
16.9,58,0,0
23,61,1,1
22.4,57,0,0
21.2,58,0,0
20.3,59,0,0
28.5,58,0,0
28.5,59,0,0
27.7,59,0,0
28.5,53,0,0
27.2,58,0,0
27.2,60,0,0
28.1,59,0,0
22.9,58,0,0
22.5,57,0,0
22.6,58,0,0
16.9,54,0,0
18.8,60,0,0
18.3,55,0,0
16.7,58,0,0
14.5,60,0,0
14.4,55,0,0
17.9,53,0,0
17.6,60,0,0
14.4,58,0,0
15.1,60,0,0
21.5,57,0,0
20.8,59,0,0
22.5,55,0,0
21.7,51,0,0
26.1,59,0,0
27.1,53,0,0
26.5,59,0,0
27.1,56,0,0
28.2,54,0,0
27.5,54,0,0
28.7,54,0,0
23,51,0,0
22.9,54,0,0
22,54,0,0
16.6,56,0,0
17.1,53,0,0
16.6,59,0,0
16.4,52,0,0
16.7,60,0,0
16.2,60,0,0
15.5,57,0,0
16.1,52,0,0
14.8,57,0,0
17.3,56,0,0
22.7,56,0,0
22.2,54,0,0
21.1,57,0,0
22.5,52,0,0
27.6,56,0,0
28.2,54,0,0
26.1,60,0,0
26.1,51,0,0
26.8,51,0,0
26.5,56,0,0
27.1,57,0,0
22.9,59,0,0
22.9,58,0,0
22.6,60,1,1
19.6,57,0,0
16.9,60,0,0
19.9,52,0,0
13.2,57,0,0
13.9,54,0,0
15.8,61,0,0
13.2,56,0,0
15.6,58,0,0
14,57,0,0
15.4,55,0,0
20.6,59,0,0
21.8,55,0,0
22.2,59,0,0
21.5,56,0,0
26.6,53,0,0
28.4,55,0,0
28.8,52,0,0
28.6,55,0,0
28.3,60,0,0
27.6,53,0,0
28.7,55,0,0
22.9,55,0,0
22.9,58,0,0
22.9,55,0,0
17.5,53,0,0
17.8,52,0,0
16.3,54,0,0
17.8,58,0,0
14.7,59,0,0
17.2,53,0,0
16.3,57,0,0
13.3,59,0,0
15.2,52,0,0
15.4,54,0,0
21.7,59,0,0
21.1,56,0,0
22.4,53,0,0
22.5,60,1,1
26.7,56,0,0
27.7,54,0,0
28.5,55,0,0
29,59,0,0
26.2,59,0,0
27.5,57,0,0
26.3,57,0,0
22.7,60,1,1
22.4,55,0,0
22.4,60,1,1
19.4,55,0,0
17.4,58,0,0
18.7,56,0,0
15,61,0,0
17.9,61,0,0
13.5,54,0,0
14.6,60,0,0
16.7,55,0,0
16,51,0,0
13.2,53,0,0
22.6,56,0,0
22.6,60,1,1
21,59,0,0
20.5,53,0,0
27,53,0,0
27.4,56,0,0
27.4,59,0,0
28.5,59,0,0
26.1,52,0,0
28.4,52,0,0
27,55,0,0
22.5,53,0,0
22,53,0,0
22.7,60,1,1
18.6,52,0,0
17.5,61,0,0
18.8,56,0,0
17.2,53,0,0
16.1,58,0,0
16.6,52,0,0
16.5,53,0,0
15.9,53,0,0
13.9,56,0,0
13.1,52,0,0
20.1,54,0,0
20.9,57,0,0
22.7,60,1,1
21.1,60,1,1
27.6,58,0,0
27.8,55,0,0
27.1,57,0,0
27.1,54,0,0
27.1,55,0,0
27.8,55,0,0
27.8,57,0,0
22.2,53,0,0
22.3,58,0,0
22.5,53,0,0
18.4,60,0,0
17.2,52,0,0
16.5,52,0,0
17.5,53,0,0
13,52,0,0
14.6,60,0,0
14.7,54,0,0
17.6,53,0,0
14.4,61,0,0
14.5,52,0,0
22.7,55,0,0
22.8,55,0,0
20.6,58,0,0
21.5,53,0,0
27.8,57,0,0
27.3,57,0,0
27.4,58,0,0
26.5,55,0,0
26.7,59,0,0
26.8,56,0,0
26.9,57,0,0
22,51,0,0
22.1,52,0,0
22.9,55,0,0
19.8,55,0,0
16.6,57,0,0
19,53,0,0
15,57,0,0
15.7,52,0,0
14.1,52,0,0
16.5,60,0,0
13.2,55,0,0
17.3,60,0,0
17.4,59,0,0
22.5,58,0,0
22.3,56,0,0
22.6,58,0,0
21.8,53,0,0
26.8,55,0,0
27.8,60,0,0
28.8,51,0,0
28,56,0,0
27.8,57,0,0
28.8,53,0,0
26.3,60,0,0
22.5,54,0,0
22.3,53,0,0
22.6,61,1,1
17.1,59,0,0
16.2,57,0,0
19.9,59,0,0
17.2,61,0,0
15.8,56,0,0
15.4,56,0,0
15.7,60,0,0
15.4,53,0,0
15.2,51,0,0
17.9,58,0,0
20.8,52,0,0
21.9,52,0,0
20.5,55,0,0
22.2,59,0,0
26.9,56,0,0
27.6,55,0,0
28.1,59,0,0
27.8,52,0,0
28.3,60,0,0
28.2,61,0,0
27.4,59,0,0
23,59,0,0
22.5,55,0,0
22.5,53,0,0
16.6,61,0,0
18.8,59,0,0
19.4,52,0,0
14.4,58,0,0
17.8,58,0,0
16.1,54,0,0
15.4,52,0,0
16.1,55,0,0
13.9,51,0,0
17.6,59,0,0
21.9,51,0,0
22.1,52,0,0
22.6,51,0,0
22,52,0,0
26.8,53,0,0
27.3,56,0,0
27.7,53,0,0
26.2,57,0,0
26.8,60,0,0
28.1,51,0,0
26.4,55,0,0
22.9,54,0,0
22.7,52,0,0
22.3,59,0,0
19.7,58,0,0
19.8,52,0,0
19.1,56,0,0
16.8,54,0,0
14.4,58,0,0
17.6,60,0,0
13.4,51,0,0
15.8,56,0,0
13.4,53,0,0
15.7,58,0,0
20.3,59,0,0
21.9,55,0,0
21.8,51,0,0
22.9,58,0,0
28.9,55,0,0
26.7,61,0,0
27.3,58,0,0
28.7,54,0,0
28.1,51,0,0
28.1,55,0,0
28.7,54,0,0
22.3,58,0,0
22.8,59,0,0
22.6,55,0,0
18.7,58,0,0
17.6,57,0,0
19.9,57,0,0
15.9,56,0,0
17.6,54,0,0
17.9,52,0,0
15.4,55,0,0
15.4,55,0,0
17.8,58,0,0
17.2,59,0,0
20.1,61,1,1
20.3,55,0,0
20.5,54,0,0
21.1,57,0,0
28.5,60,0,0
27.9,60,0,0
26.4,53,0,0
26.2,52,0,0
26.1,57,0,0
27.2,53,0,0
27.7,57,0,0
22.6,54,0,0
22,55,0,0
22.8,59,0,0
16.2,55,0,0
18.4,60,0,0
19.8,52,0,0
13.8,61,0,0
16.3,51,0,0
17.6,60,0,0
13.2,51,0,0
13.1,51,0,0
13,54,0,0
15.1,51,0,0
21.2,55,0,0
20.9,60,1,1
21,54,0,0
22.8,58,0,0
27.7,52,0,0
26.6,53,0,0
27.7,54,0,0
27.5,54,0,0
27.9,56,0,0
27.4,53,0,0
26.6,51,0,0
22.6,58,0,0
22.1,54,0,0
22.9,59,0,0
16,52,0,0
17.8,52,0,0
17.6,52,0,0
13.8,53,0,0
15.1,57,0,0
16,60,0,0
16.2,59,0,0
13.8,53,0,0
16.1,51,0,0
17.4,54,0,0
20.9,52,0,0
21.8,54,0,0
20.5,57,0,0
22.3,61,1,1
27.8,51,0,0
26.7,60,0,0
28.7,57,0,0
26.6,58,0,0
27.8,54,0,0
26.8,56,0,0
27.7,58,0,0
22.3,53,0,0
22.3,54,0,0
22.8,52,0,0
16.9,58,0,0
16.9,56,0,0
16.7,56,0,0
17.2,53,0,0
17.5,57,0,0
14.1,60,0,0
16.6,60,0,0
16.9,55,0,0
15.5,56,0,0
16.3,60,0,0
20.3,58,0,0
21,53,0,0
21.2,54,0,0
21,56,0,0
27.8,52,0,0
27.3,56,0,0
26.2,56,0,0
27.5,54,0,0
29,52,0,0
28.5,57,0,0
28.7,53,0,0
22.4,57,0,0
22.1,59,0,0
22,54,0,0
16.2,51,0,0
18.9,57,0,0
16.1,55,0,0
14.8,52,0,0
16.1,58,0,0
15,55,0,0
13.3,59,0,0
17.1,58,0,0
13.1,57,0,0
15.4,59,0,0
21.4,58,0,0
22.2,60,1,1
21.3,55,0,0
21.8,57,0,0
27.1,56,0,0
26.5,57,0,0
26.9,58,0,0
27.7,55,0,0
27.8,54,0,0
28.9,59,0,0
28,53,0,0
22.2,56,0,0
22.2,57,0,0
22.4,59,0,0
16.8,57,0,0
17.5,54,0,0
16,57,0,0
16.7,53,0,0
13.6,55,0,0
15,59,0,0
14.7,56,0,0
13.2,61,0,0
18,55,0,0
15.1,53,0,0
22.7,58,0,0
20,56,0,0
22.7,57,0,0
22.8,51,0,0
28,58,0,0
26.3,54,0,0
28.4,58,0,0
27.6,52,0,0
26,57,0,0
27.3,59,0,0
28.7,59,0,0
22.9,51,0,0
22.5,58,0,0
22.1,54,0,0
18.9,60,0,0
18.9,54,0,0
16.6,60,0,0
14,57,0,0
16.8,53,0,0
16,54,0,0
16.6,59,0,0
16,52,0,0
14.1,57,0,0
16.7,60,0,0
20.4,60,1,1
20,57,0,0
22.8,57,0,0
20.7,58,0,0
26.9,58,0,0
28,56,0,0
28.1,53,0,0
28,52,0,0
26.5,57,0,0
27.7,53,0,0
27.2,60,0,0
22.9,53,0,0
22.1,61,1,1
22.9,52,0,0
16.1,60,0,0
16.9,56,0,0
18,55,0,0
14.6,53,0,0
16.2,60,0,0
16.9,54,0,0
15.2,51,0,0
18,61,0,0
15.5,58,0,0
16.7,59,0,0
22.1,58,0,0
21.5,60,1,1
20,57,0,0
20,57,0,0
26.5,56,0,0
29,51,0,0
28,55,0,0
28.2,51,0,0
26.7,52,0,0
28.9,61,0,0
28.4,59,0,0
22.4,53,0,0
22.3,55,0,0
22.3,57,0,0
19.7,52,0,0
18.2,61,0,0
18,53,0,0
17.8,60,0,0
13.4,60,0,0
14.4,60,0,0
13.6,60,0,0
17.5,56,0,0
14.9,52,0,0
17.4,56,0,0
22.8,56,0,0
20.2,59,0,0
20.2,51,0,0
22,59,0,0
26.9,55,0,0
27.5,57,0,0
28.7,61,0,0
28.8,55,0,0
28.2,54,0,0
26.5,53,0,0
27.6,56,0,0
22.7,55,0,0
22.3,57,0,0
22.6,52,0,0
16.2,56,0,0
18.9,56,0,0
18.5,59,0,0
17.9,51,0,0
15.1,55,0,0
17.4,52,0,0
14.7,59,0,0
13.8,56,0,0
16.3,57,0,0
14.4,61,0,0
22.3,59,0,0
20.7,61,1,1
21.7,53,0,0
21.4,54,0,0
28.8,59,0,0
28.1,56,0,0
26.7,58,0,0
28,56,0,0
26.4,56,0,0
27.4,59,0,0
27.1,56,0,0
22.7,55,0,0
22.9,57,0,0
22.6,58,0,0
16.6,61,0,0
17.2,60,0,0
17.5,55,0,0
16.8,52,0,0
16,54,0,0
15,61,0,0
14.4,60,0,0
16.1,57,0,0
16,55,0,0
15.5,57,0,0
21.5,51,0,0
21.9,55,0,0
20.3,53,0,0
21.6,57,0,0
27.1,60,0,0
27.9,58,0,0
27.9,54,0,0
27.9,53,0,0
27.4,60,0,0
26.8,60,0,0
27,56,0,0
22.7,51,0,0
22.9,56,0,0
22.4,53,0,0
17.2,58,0,0
16.4,51,0,0
19.1,58,0,0
16.4,60,0,0
17.8,54,0,0
14.9,58,0,0
13.2,59,0,0
13.7,59,0,0
17.6,60,0,0
17.4,60,0,0
21.6,55,0,0
20.3,52,0,0
20.8,60,1,1
21,57,0,0
28.1,52,0,0
28.9,57,0,0
28.8,52,0,0
26.7,58,0,0
27.5,51,0,0
28.5,55,0,0
27.4,61,0,0
22.8,57,0,0
22.3,53,0,0
22.1,59,0,0
17,58,0,0
19.5,58,0,0
16.5,61,0,0
14,59,0,0
13.4,54,0,0
13.8,58,0,0
15.1,60,0,0
17.1,55,0,0
14.9,60,0,0
14.3,56,0,0
22.6,61,1,1
22.4,59,0,0
21.8,53,0,0
21.7,60,1,1
28.8,54,0,0
27.1,51,0,0
28.9,56,0,0
27.3,55,0,0
26.9,52,0,0
26.7,59,0,0
26.1,56,0,0
22.4,53,0,0
23,60,1,1
22.3,58,0,0
18,58,0,0
19.7,58,0,0
16.4,58,0,0
16.4,58,0,0
14.3,51,0,0
15.7,56,0,0
15.2,54,0,0
13,54,0,0
16.5,59,0,0
14,56,0,0
22.3,56,0,0
20.2,57,0,0
21.6,61,1,1
20.8,58,0,0
28.3,58,0,0
26.9,58,0,0
26,52,0,0
26.5,53,0,0
26.8,56,0,0
28.4,56,0,0
26.8,57,0,0
22.2,57,0,0
22.4,59,0,0
22.3,57,0,0
16.6,56,0,0
20,51,0,0
19.2,54,0,0
17.4,52,0,0
14,52,0,0
15.4,58,0,0
15.2,55,0,0
16.9,55,0,0
15,58,0,0
17.8,59,0,0
22.6,54,0,0
21.7,51,0,0
22.5,59,0,0
20.6,56,0,0
26.4,57,0,0
28.2,53,0,0
28.1,55,0,0
27.4,51,0,0
29,58,0,0
26.7,56,0,0
28.6,61,0,0
22.4,52,0,0
22.5,52,0,0
22.8,59,0,0
19.3,52,0,0
19,57,0,0
17.8,61,0,0
